INSTITUICAO_ENSINO_ALUNO_2020,NOME,FASE_2021,TURMA_2021,PEDRA_2021,INDE_2021,IAA_2021,IEG_2021,IPS_2021,IDA_2021,IPP_2021,PONTO_VIRADA_2021,IPV_2021,IAN_2021
Escola Pública,ALUNO-1,2.0,G,Ametista,7.319,7.5,6.3,6.9,8.8,7.7,Não,8.1,5.0
,ALUNO-2,,,,,,,,,,,,
Escola Pública,ALUNO-3,3.0,F,Ametista,7.021,7.1,6.9,6.3,5.6,7.3,Não,7.2,10.0
Escola Pública,ALUNO-4,,,,,,,,,,,,
Escola Pública,ALUNO-5,2.0,L,Ametista,7.399,7.4,7.5,7.5,5.4,8.5,Não,7.4,10.0
,ALUNO-6,,,,,,,,,,,,
,ALUNO-7,,,,,,,,,,,,
Rede Decisão/União,ALUNO-8,5.0,L,Topázio,8.269,8.8,8.6,7.5,7.1,8.0,Não,8.5,10.0
,ALUNO-9,,,,,,,,,,,,
Escola Pública,ALUNO-10,,,,,,,,,,,,
Escola Pública,ALUNO-11,1.0,A,Topázio,8.990,9.0,10.0,6.3,8.8,7.7,Sim,9.7,10.0
Rede Decisão/União,ALUNO-12,,,,,,,,,,,,
Escola Pública,ALUNO-13,0.0,T,Quartzo,3.413,8.0,0.0,7.5,0.8,0.0,Não,6.0,5.0
Escola Pública,ALUNO-14,,,,,,,,,,,,
Escola Pública,ALUNO-15,,,,,,,,,,,,
,ALUNO-16,,,,,,,,,,,,
Escola Pública,ALUNO-17,1.0,G,Ágata,6.140,9.5,4.2,7.5,2.6,8.4,Não,8.8,5.0
Escola Pública,ALUNO-18,4.0,F,Ágata,5.666,10.0,3.3,6.3,5.3,7.7,Não,5.2,5.0
Escola Pública,ALUNO-19,2.0,C,Ágata,6.751,9.0,6.3,7.5,4.6,7.7,Não,8.3,5.0
,ALUNO-20,,,,,,,,,,,,
,ALUNO-21,,,,,,,,,,,,
,ALUNO-22,,,,,,,,,,,,
,ALUNO-23,,,,,,,,,,,,
,ALUNO-24,,,,,,,,,,,,
,ALUNO-25,,,,,,,,,,,,
,ALUNO-26,,,,,,,,,,,,
,ALUNO-27,,,,,,,,,,,,
Rede Decisão/União,ALUNO-28,4.0,G,Topázio,9.079,8.3,9.2,7.5,8.8,9.4,Sim,9.9,10.0
Escola Pública,ALUNO-29,3.0,D,Ágata,6.342,9.6,5.3,7.5,3.8,7.5,Não,7.9,5.0
Escola Pública,ALUNO-30,,,,,,,,,,,,
,ALUNO-31,,,,,,,,,,,,
,ALUNO-32,,,,,,,,,,,,
Escola Pública,ALUNO-33,,,,,,,,,,,,
Escola Pública,ALUNO-34,2.0,C,Ágata,6.129,6.9,2.9,7.5,5.5,7.7,Não,8.7,5.0
Escola Pública,ALUNO-35,7.0,A,Topázio,8.416,9.2,9.4,7.5,8.2,8.4,Sim,9.4,5.0
Escola Pública,ALUNO-36,3.0,C,Ágata,6.246,8.3,6.4,3.8,4.7,7.3,Não,7.9,5.0
Escola Pública,ALUNO-37,2.0,N,Ágata,6.154,0.0,5.4,6.9,6.5,7.5,Não,6.7,10.0
Escola Pública,ALUNO-38,3.0,L,Ágata,6.847,3.8,6.9,7.5,5.1,7.5,Não,7.8,10.0
Escola Pública,ALUNO-39,,,,,,,,,,,,
Escola Pública,ALUNO-40,5.0,B,Ametista,7.334,9.2,7.8,7.5,6.0,8.3,Não,8.0,5.0
Escola Pública,ALUNO-41,2.0,C,Ágata,6.100,0.0,5.0,7.5,6.8,7.5,Não,8.8,5.0
Escola Pública,ALUNO-42,0.0,J,Ágata,6.802,10.0,6.7,7.5,4.0,7.2,Não,6.0,10.0
Escola Pública,ALUNO-43,,,,,,,,,,,,
Escola Pública,ALUNO-44,,,,,,,,,,,,
Escola Pública,ALUNO-45,,,,,,,,,,,,
Escola Pública,ALUNO-46,0.0,P,Topázio,8.471,8.5,10.0,7.5,6.9,8.1,Não,8.4,10.0
Escola Pública,ALUNO-47,1.0,A,Ágata,6.056,8.5,6.3,7.5,4.0,7.5,Não,5.8,5.0
,ALUNO-48,,,,,,,,,,,,
,ALUNO-49,,,,,,,,,,,,
,ALUNO-50,,,,,,,,,,,,
Escola Pública,ALUNO-51,1.0,F,Ametista,8.051,9.0,9.2,7.5,5.4,7.7,Não,8.6,10.0
Escola Pública,ALUNO-52,,,,,,,,,,,,
Einstein,ALUNO-53,,,,,,,,,,,,
Escola Pública,ALUNO-54,3.0,B,Ágata,6.388,7.5,5.8,7.5,4.1,7.3,Não,5.8,10.0
Rede Decisão/União,ALUNO-55,7.0,A,Ametista,8.219,9.6,8.9,8.1,7.6,8.1,Sim,9.2,5.0
Escola Pública,ALUNO-56,6.0,A,Ágata,6.777,8.8,7.5,5.6,5.5,7.8,Não,7.2,5.0
Rede Decisão/União,ALUNO-57,7.0,A,Ametista,7.213,8.3,6.9,6.3,6.0,7.7,Não,7.0,10.0
,ALUNO-58,,,,,,,,,,,,
Escola Pública,ALUNO-59,,,,,,,,,,,,
Rede Decisão/União,ALUNO-60,6.0,C,Ametista,6.956,7.9,7.5,6.9,6.1,7.2,Não,7.7,5.0
Escola Pública,ALUNO-61,1.0,M,Quartzo,3.017,0.0,1.3,5.6,0.0,6.9,Não,5.1,5.0
Escola Pública,ALUNO-62,2.0,L,Ágata,5.704,8.5,4.6,7.5,3.1,8.1,Não,6.2,5.0
,ALUNO-63,,,,,,,,,,,,
,ALUNO-64,,,,,,,,,,,,
Escola Pública,ALUNO-65,0.0,R,Topázio,8.438,10.0,10.0,7.5,6.9,8.1,Sim,10.0,5.0
Escola Pública,ALUNO-66,2.0,E,Ágata,6.875,8.0,6.3,7.5,5.9,8.5,Não,7.7,5.0
Escola Pública,ALUNO-67,1.0,J,Quartzo,4.939,7.4,3.3,7.5,1.1,8.3,Não,6.1,5.0
Escola Pública,ALUNO-68,,,,,,,,,,,,
,ALUNO-69,,,,,,,,,,,,
,ALUNO-70,,,,,,,,,,,,
Escola Pública,ALUNO-71,0.0,J,#NULO!,#NULO!,7.4,0.0,5.0,3.6,0.0,#NULO!,0.0,5.0
,ALUNO-72,,,,,,,,,,,,
,ALUNO-73,,,,,,,,,,,,
,ALUNO-74,,,,,,,,,,,,
Rede Decisão/União,ALUNO-75,4.0,L,Topázio,9.108,10.0,9.2,7.5,8.5,8.8,Sim,9.7,10.0
Escola Pública,ALUNO-76,1.0,B,Topázio,8.869,10.0,10.0,7.5,7.6,7.5,Sim,9.2,10.0
Escola Pública,ALUNO-77,0.0,J,Ametista,7.854,9.5,10.0,7.5,6.4,7.5,Não,8.1,5.0
Escola Pública,ALUNO-78,1.0,B,Ágata,6.339,8.9,9.2,7.5,2.6,7.3,Não,5.6,5.0
,ALUNO-79,,,,,,,,,,,,
Escola Pública,ALUNO-80,,,,,,,,,,,,
Escola Pública,ALUNO-81,5.0,L,Ágata,6.188,6.3,5.8,2.5,6.5,8.1,Não,7.7,5.0
Escola Pública,ALUNO-82,,,,,,,,,,,,
Rede Decisão/União,ALUNO-83,5.0,B,Ágata,5.987,6.7,6.4,3.8,3.0,7.3,Não,6.7,10.0
Escola Pública,ALUNO-84,1.0,A,Ametista,7.867,3.5,10.0,7.5,6.8,7.5,Não,8.3,10.0
Escola Pública,ALUNO-85,0.0,P,Ágata,6.652,9.5,6.7,6.3,6.9,4.7,Não,7.0,5.0
Escola Pública,ALUNO-86,,,,,,,,,,,,
Rede Decisão/União,ALUNO-87,5.0,L,Ametista,8.004,7.9,7.8,7.5,7.8,8.1,Não,7.7,10.0
Rede Decisão/União,ALUNO-88,2.0,D,Ametista,8.096,9.5,9.6,6.3,7.4,8.1,Sim,9.1,5.0
Escola Pública,ALUNO-89,,,,,,,,,,,,
Escola Pública,ALUNO-90,4.0,L,Ágata,5.994,7.1,5.0,7.5,4.6,7.2,Não,7.0,5.0
Escola Pública,ALUNO-91,2.0,H,Quartzo,4.200,9.5,0.0,7.5,2.2,5.6,Não,2.5,10.0
,ALUNO-92,,,,,,,,,,,,
Escola Pública,ALUNO-93,0.0,L,Ágata,6.248,8.0,4.2,7.5,5.1,6.6,Não,5.9,10.0
Escola Pública,ALUNO-94,4.0,F,Ágata,5.923,7.5,3.6,7.5,4.6,7.3,Não,5.2,10.0
Escola Pública,ALUNO-95,4.0,F,Quartzo,4.957,8.3,5.6,7.5,1.3,6.9,Não,4.1,5.0
Escola Pública,ALUNO-96,,,,,,,,,,,,
Escola Pública,ALUNO-97,2.0,D,Ágata,6.317,8.0,5.8,7.5,5.8,7.5,Não,6.0,5.0
Escola Pública,ALUNO-98,3.0,D,Ametista,6.953,9.2,6.4,7.5,6.3,7.5,Não,7.5,5.0
,ALUNO-99,,,,,,,,,,,,
Escola Pública,ALUNO-100,1.0,M,Quartzo,3.117,8.5,0.0,3.8,0.0,6.3,Não,3.8,5.0
,ALUNO-101,,,,,,,,,,,,
Escola Pública,ALUNO-102,1.0,J,Ágata,6.704,6.3,7.5,7.5,4.8,7.9,Não,7.8,5.0
Escola Pública,ALUNO-103,1.0,F,Ametista,8.076,9.5,8.8,6.3,6.2,7.9,Não,8.6,10.0
Escola Pública,ALUNO-104,0.0,J,Ametista,8.010,9.0,10.0,7.5,6.4,7.2,Não,6.8,10.0
Escola Pública,ALUNO-105,4.0,E,Quartzo,4.956,10.0,1.1,7.5,2.8,6.7,Não,3.7,10.0
Escola Pública,ALUNO-106,1.0,N,Ametista,8.242,10.0,7.9,7.5,7.9,8.3,Sim,10.0,5.0
,ALUNO-107,,,,,,,,,,,,
,ALUNO-108,,,,,,,,,,,,
Escola Pública,ALUNO-109,6.0,A,Ametista,7.360,7.5,6.7,7.5,7.8,8.4,Não,8.2,5.0
,ALUNO-110,,,,,,,,,,,,
Escola Pública,ALUNO-111,4.0,L,Ametista,7.222,8.3,8.1,7.5,6.0,8.4,Não,7.4,5.0
Escola Pública,ALUNO-112,4.0,F,Ágata,6.098,9.2,3.1,6.9,6.2,7.7,Não,6.9,5.0
Escola Pública,ALUNO-113,2.0,K,Ágata,6.664,9.5,7.1,7.5,4.6,8.1,Não,6.6,5.0
,ALUNO-114,,,,,,,,,,,,
Escola Pública,ALUNO-115,,,,,,,,,,,,
,ALUNO-116,,,,,,,,,,,,
Escola Pública,ALUNO-117,2.0,N,Ametista,7.774,8.5,7.1,7.5,7.1,8.3,Não,7.6,10.0
Escola Pública,ALUNO-118,1.0,B,Topázio,8.299,8.5,9.6,7.5,6.9,7.5,Não,8.2,10.0
,ALUNO-119,,,,,,,,,,,,
Escola Pública,ALUNO-120,1.0,A,Ametista,7.096,8.5,8.3,7.5,6.1,7.5,Não,6.8,5.0
,ALUNO-121,,,,,,,,,,,,
,ALUNO-122,,,,,,,,,,,,
,ALUNO-123,,,,,,,,,,,,
Escola Pública,ALUNO-124,0.0,T,Topázio,8.275,9.0,8.3,7.5,6.1,8.1,Sim,9.7,10.0
Escola Pública,ALUNO-125,2.0,P,Ágata,6.461,6.3,4.6,7.5,4.6,7.9,Não,7.2,10.0
Escola Pública,ALUNO-126,0.0,P,Ágata,6.069,9.0,4.2,7.5,4.5,7.2,Não,7.3,5.0
Escola Pública,ALUNO-127,1.0,A,Ametista,6.907,10.0,7.1,7.5,5.6,7.5,Não,6.9,5.0
Escola Pública,ALUNO-128,0.0,I,Quartzo,5.229,7.9,6.7,4.4,4.0,2.5,Não,5.6,5.0
Escola Pública,ALUNO-129,2.0,H,Ágata,5.819,7.4,4.2,7.5,4.6,7.2,Não,4.3,10.0
,ALUNO-130,,,,,,,,,,,,
,ALUNO-131,,,,,,,,,,,,
Escola Pública,ALUNO-132,,,,,,,,,,,,
Escola Pública,ALUNO-133,1.0,F,Ametista,7.990,9.5,9.6,7.5,7.1,7.7,Não,8.4,5.0
,ALUNO-134,,,,,,,,,,,,
Escola Pública,ALUNO-135,1.0,A,Ágata,5.788,9.5,4.2,6.3,3.6,6.9,Não,7.3,5.0
Escola Pública,ALUNO-136,,,,,,,,,,,,
Escola Pública,ALUNO-137,0.0,R,Ágata,6.012,8.0,5.8,7.5,5.3,5.0,Não,6.2,5.0
,ALUNO-138,,,,,,,,,,,,
Escola Pública,ALUNO-139,,,,,,,,,,,,
,ALUNO-140,,,,,,,,,,,,
,ALUNO-141,,,,,,,,,,,,
,ALUNO-142,,,,,,,,,,,,
Escola Pública,ALUNO-143,3.0,H,Ágata,6.278,7.9,4.4,6.3,4.3,7.5,Não,6.8,10.0
,ALUNO-144,,,,,,,,,,,,
Rede Decisão/União,ALUNO-145,,,,,,,,,,,,
Escola Pública,ALUNO-146,,,,,,,,,,,,
Escola Pública,ALUNO-147,,,,,,,,,,,,
,ALUNO-148,,,,,,,,,,,,
Escola Pública,ALUNO-149,7.0,A,Topázio,8.360,8.8,8.1,6.9,7.4,8.3,Sim,9.4,10.0
,ALUNO-150,,,,,,,,,,,,
Escola Pública,ALUNO-151,2.0,J,Topázio,9.004,9.5,9.6,8.1,9.1,10.0,Sim,10.0,5.0
Rede Decisão/União,ALUNO-152,3.0,B,Topázio,8.672,8.8,8.3,7.5,8.0,8.3,Sim,9.8,10.0
Rede Decisão/União,ALUNO-153,4.0,F,Topázio,8.355,10.0,7.5,7.5,7.5,8.0,Sim,9.0,10.0
Escola Pública,ALUNO-154,1.0,N,Quartzo,5.163,9.5,2.9,7.5,1.5,8.1,Não,6.3,5.0
Escola Pública,ALUNO-155,6.0,C,Quartzo,5.082,7.1,5.3,0.0,3.4,8.1,Não,6.6,5.0
Rede Decisão/União,ALUNO-156,3.0,J,Ametista,7.981,7.5,7.8,6.3,7.3,8.3,Não,8.8,10.0
Escola Pública,ALUNO-157,,,,,,,,,,,,
Escola Pública,ALUNO-158,4.0,F,Ágata,6.056,8.3,6.1,6.9,4.5,6.9,Não,6.1,5.0
Escola Pública,ALUNO-159,0.0,O,Ametista,8.025,9.0,10.0,7.5,6.1,8.1,Sim,9.3,5.0
Escola Pública,ALUNO-160,,,,,,,,,,,,
Estácio,ALUNO-161,,,,,,,,,,,,
Escola Pública,ALUNO-162,1.0,B,Ametista,7.531,8.5,10.0,7.5,6.6,7.5,Não,6.8,5.0
Escola Pública,ALUNO-163,,,,,,,,,,,,
Escola Pública,ALUNO-164,2.0,C,Ametista,7.125,9.5,5.8,7.5,5.9,7.5,Não,6.7,10.0
Escola Pública,ALUNO-165,1.0,R,Ametista,7.579,10.0,7.5,7.5,7.3,8.3,Não,7.7,5.0
,ALUNO-166,,,,,,,,,,,,
Escola Pública,ALUNO-167,1.0,A,Ametista,7.639,10.0,9.2,7.5,5.8,7.5,Não,8.3,5.0
Escola Pública,ALUNO-168,2.0,R,Quartzo,3.524,0.0,1.7,5.6,2.5,7.5,Não,4.4,5.0
Escola Pública,ALUNO-169,0.0,I,Ametista,6.898,8.5,10.0,4.4,6.1,5.3,Não,6.8,5.0
,ALUNO-170,,,,,,,,,,,,
Escola Pública,ALUNO-171,3.0,A,Ametista,8.036,8.8,8.9,7.5,7.5,8.3,Sim,9.0,5.0
,ALUNO-172,,,,,,,,,,,,
Escola Pública,ALUNO-173,5.0,F,Ágata,6.532,9.6,6.7,5.0,4.9,7.7,Não,7.5,5.0
Einstein,ALUNO-174,,,,,,,,,,,,
,ALUNO-175,,,,,,,,,,,,
Escola Pública,ALUNO-176,2.0,I,Ágata,5.674,7.5,6.3,5.0,4.3,6.7,Não,5.7,5.0
Escola Pública,ALUNO-177,0.0,L,Ametista,7.196,9.0,8.3,7.5,4.6,6.9,Não,6.3,10.0
,ALUNO-178,,,,,,,,,,,,
,ALUNO-179,,,,,,,,,,,,
,ALUNO-180,,,,,,,,,,,,
,ALUNO-181,,,,,,,,,,,,
,ALUNO-182,,,,,,,,,,,,
Escola Pública,ALUNO-183,,,,,,,,,,,,
Escola Pública,ALUNO-184,2.0,I,Ametista,7.896,8.5,9.2,7.5,5.6,7.5,Não,8.0,10.0
Escola Pública,ALUNO-185,0.0,M,Ametista,7.906,8.0,10.0,7.5,5.4,7.2,Não,7.8,10.0
Escola Pública,ALUNO-186,,,,,,,,,,,,
Escola Pública,ALUNO-187,,,,,,,,,,,,
Escola Pública,ALUNO-188,3.0,C,Ágata,6.435,7.1,5.8,7.5,4.7,8.1,Não,7.8,5.0
Escola Pública,ALUNO-189,,,,,,,,,,,,
Rede Decisão/União,ALUNO-190,,,,,,,,,,,,
,ALUNO-191,,,,,,,,,,,,
Escola Pública,ALUNO-192,,,,,,,,,,,,
Escola Pública,ALUNO-193,3.0,F,Ametista,8.215,9.2,10.0,5.6,7.7,7.9,Sim,9.6,5.0
Rede Decisão/União,ALUNO-194,,,,,,,,,,,,
,ALUNO-195,,,,,,,,,,,,
,ALUNO-196,,,,,,,,,,,,
Escola Pública,ALUNO-197,3.0,G,Ametista,7.751,8.3,7.2,7.5,6.0,8.1,Não,8.6,10.0
Escola Pública,ALUNO-198,,,,,,,,,,,,
Escola Pública,ALUNO-199,,,,,,,,,,,,
Escola Pública,ALUNO-200,4.0,F,Quartzo,4.788,7.5,1.7,6.9,3.3,6.7,Não,3.5,10.0
Escola Pública,ALUNO-201,4.0,L,Ágata,5.636,5.8,5.6,0.0,6.4,8.3,Não,6.7,5.0
Escola Pública,ALUNO-202,,,,,,,,,,,,
,ALUNO-203,,,,,,,,,,,,
,ALUNO-204,,,,,,,,,,,,
,ALUNO-205,,,,,,,,,,,,
Escola Pública,ALUNO-206,7.0,A,Quartzo,5.143,8.8,4.2,0.0,2.0,7.7,Não,6.3,10.0
Escola Pública,ALUNO-207,3.0,H,Quartzo,5.504,8.3,3.9,6.9,5.3,7.5,Não,4.4,5.0
Escola Pública,ALUNO-208,2.0,D,Ágata,6.450,7.0,6.3,7.5,4.5,7.5,Não,8.0,5.0
Escola Pública,ALUNO-209,1.0,N,Ametista,7.167,8.5,7.9,7.5,4.2,8.1,Sim,9.2,5.0
Rede Decisão/União,ALUNO-210,,,,,,,,,,,,
,ALUNO-211,,,,,,,,,,,,
Escola Pública,ALUNO-212,0.0,M,Ágata,5.663,9.5,8.3,5.0,4.3,2.5,Não,4.7,5.0
Escola Pública,ALUNO-213,3.0,C,Topázio,8.761,9.6,9.4,7.5,7.5,8.8,Não,8.9,10.0
,ALUNO-214,,,,,,,,,,,,
Escola Pública,ALUNO-215,,,,,,,,,,,,
UNISA,ALUNO-216,,,,,,,,,,,,
Escola Pública,ALUNO-217,1.0,G,Ametista,7.765,8.5,8.8,7.5,7.1,8.1,Não,8.4,5.0
Escola Pública,ALUNO-218,0.0,T,Topázio,8.821,9.5,10.0,7.5,6.9,8.1,Sim,9.7,10.0
Escola Pública,ALUNO-219,2.0,K,Quartzo,4.176,0.0,4.2,6.9,1.9,8.1,Não,4.8,5.0
,ALUNO-220,,,,,,,,,,,,
Escola Pública,ALUNO-221,3.0,A,Quartzo,4.442,9.2,2.8,7.5,1.8,5.8,Não,3.9,5.0
Escola Pública,ALUNO-222,,,,,,,,,,,,
Escola Pública,ALUNO-223,,,,,,,,,,,,
,ALUNO-224,,,,,,,,,,,,
Escola Pública,ALUNO-225,5.0,B,Ametista,7.138,8.3,6.7,6.9,6.0,7.5,Não,6.7,10.0
Rede Decisão/União,ALUNO-226,2.0,G,Quartzo,4.617,0.0,4.2,5.6,4.3,7.1,Não,5.8,5.0
Escola Pública,ALUNO-227,,,,,,,,,,,,
,ALUNO-228,,,,,,,,,,,,
Escola Pública,ALUNO-229,0.0,Q,Quartzo,5.054,8.5,0.0,7.5,4.0,6.9,Não,7.3,5.0
Rede Decisão/União,ALUNO-230,,,,,,,,,,,,
Escola Pública,ALUNO-231,7.0,A,Ametista,7.698,9.2,8.6,6.9,5.4,8.0,Não,7.5,10.0
Escola Pública,ALUNO-232,5.0,B,Ametista,7.331,8.3,7.2,7.5,6.7,8.3,Não,8.2,5.0
,ALUNO-233,,,,,,,,,,,,
,ALUNO-234,,,,,,,,,,,,
Rede Decisão/União,ALUNO-235,3.0,B,Ametista,7.544,9.2,6.9,5.6,6.6,7.3,Não,8.1,10.0
,ALUNO-236,,,,,,,,,,,,
,ALUNO-237,,,,,,,,,,,,
Escola Pública,ALUNO-238,2.0,H,Quartzo,3.663,8.5,1.3,4.4,2.1,5.0,Não,3.5,5.0
,ALUNO-239,,,,,,,,,,,,
Escola Pública,ALUNO-240,3.0,D,Ametista,7.629,8.8,6.1,7.5,6.9,7.3,Não,8.4,10.0
Escola Pública,ALUNO-241,2.0,I,Quartzo,2.860,7.9,0.4,5.6,0.0,4.1,Não,2.6,5.0
Escola Pública,ALUNO-242,2.0,I,Ágata,5.833,8.5,5.4,7.5,2.9,7.1,Não,6.8,5.0
Escola Pública,ALUNO-243,0.0,O,Ágata,6.354,8.5,5.0,7.5,3.2,7.5,Não,6.8,10.0
,ALUNO-244,,,,,,,,,,,,
,ALUNO-245,,,,,,,,,,,,
Escola Pública,ALUNO-246,1.0,R,Ametista,7.013,9.0,8.8,5.6,4.6,8.5,Não,7.7,5.0
Escola Pública,ALUNO-247,0.0,T,Ametista,8.013,10.0,8.3,7.5,6.8,8.1,Sim,9.7,5.0
,ALUNO-248,,,,,,,,,,,,
Escola Pública,ALUNO-249,1.0,B,Ágata,6.025,8.5,7.9,7.5,2.1,7.5,Não,5.8,5.0
,ALUNO-250,,,,,,,,,,,,
Escola Pública,ALUNO-251,2.0,N,Ametista,7.976,9.0,6.7,7.5,7.3,8.5,Não,8.4,10.0
Escola Pública,ALUNO-252,0.0,M,Ametista,7.473,10.0,10.0,7.5,5.9,7.2,Não,6.6,5.0
,ALUNO-253,,,,,,,,,,,,
,ALUNO-254,,,,,,,,,,,,
,ALUNO-255,,,,,,,,,,,,
,ALUNO-256,,,,,,,,,,,,
,ALUNO-257,,,,,,,,,,,,
Escola Pública,ALUNO-258,0.0,Q,Ágata,6.283,7.8,10.0,7.5,5.3,2.5,Não,4.8,5.0
Rede Decisão/União,ALUNO-259,,,,,,,,,,,,
Escola Pública,ALUNO-260,0.0,Q,Ágata,6.750,9.5,6.7,7.5,4.5,7.5,Não,7.8,5.0
Escola Pública,ALUNO-261,4.0,A,Ametista,6.899,9.2,7.8,7.5,5.9,8.4,Não,7.0,2.5
Rede Decisão/União,ALUNO-262,6.0,C,Ametista,7.903,9.2,6.9,7.5,7.7,7.8,Não,7.7,10.0
Rede Decisão/União,ALUNO-263,6.0,A,Ametista,7.694,7.9,7.8,7.5,6.5,8.0,Não,7.5,10.0
,ALUNO-264,,,,,,,,,,,,
Escola Pública,ALUNO-265,,,,,,,,,,,,
Escola Pública,ALUNO-266,2.0,B,Ametista,7.892,9.0,8.3,6.3,6.8,7.5,Não,8.0,10.0
Rede Decisão/União,ALUNO-267,4.0,G,Ametista,8.014,9.2,8.9,6.3,8.2,8.3,Não,8.6,5.0
,ALUNO-268,,,,,,,,,,,,
Escola Pública,ALUNO-269,,,,,,,,,,,,
Escola Pública,ALUNO-270,,,,,,,,,,,,
Escola Pública,ALUNO-271,3.0,J,Ágata,6.429,9.6,5.0,7.5,4.3,7.7,Não,5.5,10.0
,ALUNO-272,,,,,,,,,,,,
Escola Pública,ALUNO-273,1.0,R,Quartzo,4.125,9.5,2.1,7.5,0.0,6.3,Não,4.4,5.0
Escola Pública,ALUNO-274,5.0,A,Ágata,6.880,7.1,7.8,7.5,6.1,7.7,Não,6.9,5.0
Escola Pública,ALUNO-275,3.0,M,Ágata,5.815,8.8,5.8,6.3,3.4,6.9,Não,6.4,5.0
,ALUNO-276,,,,,,,,,,,,
Escola Pública,ALUNO-277,1.0,E,Ametista,8.183,9.5,10.0,7.5,7.8,8.5,Não,7.8,5.0
Escola Pública,ALUNO-278,,,,,,,,,,,,
,ALUNO-279,,,,,,,,,,,,
Escola Pública,ALUNO-280,,,,,,,,,,,,
,ALUNO-281,,,,,,,,,,,,
Escola Pública,ALUNO-282,5.0,B,Topázio,8.544,9.2,9.7,7.5,8.8,8.8,Sim,9.0,5.0
Escola Pública,ALUNO-283,5.0,A,Topázio,8.531,8.8,9.4,7.5,8.7,8.8,Sim,9.5,5.0
Escola Pública,ALUNO-284,,,,,,,,,,,,
Escola Pública,ALUNO-285,,,,,,,,,,,,
Escola Pública,ALUNO-286,,,,,,,,,,,,
Escola Pública,ALUNO-287,,,,,,,,,,,,
Escola Pública,ALUNO-288,3.0,B,Ametista,8.088,8.3,7.5,7.5,7.7,7.3,Não,8.7,10.0
,ALUNO-289,,,,,,,,,,,,
,ALUNO-290,,,,,,,,,,,,
,ALUNO-291,,,,,,,,,,,,
Escola Pública,ALUNO-292,,,,,,,,,,,,
Escola Pública,ALUNO-293,5.0,F,Quartzo,3.080,0.0,3.9,0.0,0.0,5.9,Não,3.5,10.0
Escola Pública,ALUNO-294,0.0,K,Topázio,8.994,9.5,10.0,7.5,7.3,8.4,Sim,10.0,10.0
Escola Pública,ALUNO-295,1.0,A,Ágata,6.771,9.0,7.1,7.5,6.9,7.5,Não,5.3,5.0
Escola Pública,ALUNO-296,2.0,B,Ametista,7.221,9.5,7.9,7.5,3.6,7.3,Não,7.4,10.0
Escola Pública,ALUNO-297,3.0,J,Quartzo,4.894,8.8,3.3,5.6,2.8,7.7,Não,6.1,2.5
Escola Pública,ALUNO-298,,,,,,,,,,,,
Estácio,ALUNO-299,,,,,,,,,,,,
UNISA,ALUNO-300,,,,,,,,,,,,
Escola Pública,ALUNO-301,2.0,J,Topázio,8.289,9.0,9.2,7.5,6.3,8.5,Não,8.4,10.0
,ALUNO-302,,,,,,,,,,,,
Escola Pública,ALUNO-303,0.0,M,Ametista,7.767,8.5,8.3,7.5,6.8,7.5,Não,7.0,10.0
,ALUNO-304,,,,,,,,,,,,
Rede Decisão/União,ALUNO-305,3.0,J,Ametista,7.315,7.9,7.8,5.6,7.5,7.5,Não,8.3,5.0
Escola Pública,ALUNO-306,,,,,,,,,,,,
,ALUNO-307,,,,,,,,,,,,
,ALUNO-308,,,,,,,,,,,,
Escola Pública,ALUNO-309,,,,,,,,,,,,
Escola Pública,ALUNO-310,0.0,L,Ametista,7.165,9.0,8.3,7.5,4.6,6.6,Não,6.3,10.0
,ALUNO-311,,,,,,,,,,,,
Escola Pública,ALUNO-312,2.0,J,Ametista,7.946,9.0,9.6,4.4,7.8,8.8,Não,8.8,5.0
Escola Pública,ALUNO-313,0.0,P,Ametista,7.375,9.5,8.3,5.0,6.3,8.1,Não,8.4,5.0
,ALUNO-314,,,,,,,,,,,,
Escola Pública,ALUNO-315,5.0,A,Topázio,8.909,8.8,9.2,7.5,8.2,8.6,Sim,9.8,10.0
Escola Pública,ALUNO-316,,,,,,,,,,,,
,ALUNO-317,,,,,,,,,,,,
Escola Pública,ALUNO-318,,,,,,,,,,,,
Escola Pública,ALUNO-319,2.0,B,Ametista,7.821,7.5,9.6,6.9,8.2,7.3,Não,8.0,5.0
,ALUNO-320,,,,,,,,,,,,
Escola Pública,ALUNO-321,7.0,A,Ametista,7.891,8.3,7.5,5.6,7.6,8.3,Não,8.3,10.0
,ALUNO-322,,,,,,,,,,,,
Rede Decisão/União,ALUNO-323,1.0,B,Quartzo,4.976,7.4,7.1,4.4,3.3,3.8,Não,4.3,5.0
Escola Pública,ALUNO-324,7.0,A,Topázio,8.252,8.3,8.1,6.9,7.9,8.3,Não,8.6,10.0
,ALUNO-325,,,,,,,,,,,,
,ALUNO-326,,,,,,,,,,,,
,ALUNO-327,,,,,,,,,,,,
Escola Pública,ALUNO-328,,,,,,,,,,,,
Rede Decisão/União,ALUNO-329,,,,,,,,,,,,
Escola Pública,ALUNO-330,,,,,,,,,,,,
Escola Pública,ALUNO-331,0.0,R,Topázio,8.923,9.0,10.0,7.5,7.3,8.4,Sim,9.8,10.0
Escola Pública,ALUNO-332,1.0,G,Topázio,8.342,9.0,9.6,7.5,7.4,8.3,Sim,9.8,5.0
,ALUNO-333,,,,,,,,,,,,
,ALUNO-334,,,,,,,,,,,,
Escola Pública,ALUNO-335,,,,,,,,,,,,
Escola Pública,ALUNO-336,0.0,I,Ametista,7.533,9.0,10.0,6.3,6.9,7.5,Não,6.9,5.0
Rede Decisão/União,ALUNO-337,5.0,B,Ametista,7.661,7.5,8.1,7.5,7.3,8.8,Não,8.5,5.0
Escola Pública,ALUNO-338,,,,,,,,,,,,
Escola Pública,ALUNO-339,3.0,C,Ametista,7.676,8.8,8.1,7.5,6.2,8.5,Sim,9.2,5.0
Escola Pública,ALUNO-340,3.0,C,Ametista,7.800,8.8,8.1,7.5,7.0,8.3,Sim,9.1,5.0
FIAP,ALUNO-341,,,,,,,,,,,,
Rede Decisão/União,ALUNO-342,2.0,B,Ametista,7.392,8.5,6.7,7.5,7.6,7.5,Não,8.4,5.0
Escola Pública,ALUNO-343,5.0,L,Ametista,7.070,8.3,8.1,6.9,6.0,8.0,Não,7.2,5.0
Escola Pública,ALUNO-344,,,,,,,,,,,,
Escola Pública,ALUNO-345,1.0,F,Ágata,6.764,9.5,5.0,7.5,4.2,7.7,Não,7.3,10.0
Escola Pública,ALUNO-346,1.0,A,Quartzo,4.925,7.9,3.8,7.5,0.0,7.5,Não,4.4,10.0
,ALUNO-347,,,,,,,,,,,,
Escola Pública,ALUNO-348,1.0,F,Ametista,7.558,10.0,8.8,7.5,6.4,7.7,Não,7.5,5.0
Escola Pública,ALUNO-349,1.0,C,Quartzo,4.414,8.0,3.3,7.5,0.4,6.9,Não,4.6,5.0
,ALUNO-350,,,,,,,,,,,,
,ALUNO-351,,,,,,,,,,,,
Escola Pública,ALUNO-352,4.0,F,Ágata,5.783,7.5,3.6,7.5,3.5,7.2,Não,5.7,10.0
Escola Pública,ALUNO-353,,,,,,,,,,,,
Escola Pública,ALUNO-354,,,,,,,,,,,,
Escola Pública,ALUNO-355,,,,,,,,,,,,
,ALUNO-356,,,,,,,,,,,,
Escola Pública,ALUNO-357,3.0,M,Ágata,6.854,8.3,5.3,7.5,5.9,7.3,Não,6.6,10.0
,ALUNO-358,,,,,,,,,,,,
Escola Pública,ALUNO-359,2.0,E,Ametista,7.326,8.0,5.0,7.5,8.0,8.5,Sim,9.1,5.0
,ALUNO-360,,,,,,,,,,,,
Escola Pública,ALUNO-361,,,,,,,,,,,,
,ALUNO-362,,,,,,,,,,,,
Escola Pública,ALUNO-363,0.0,O,Ametista,8.231,10.0,8.3,7.5,6.5,7.8,Não,8.7,10.0
Escola Pública,ALUNO-364,2.0,A,Ágata,6.306,0.0,7.5,4.4,4.7,7.1,Não,8.6,10.0
Rede Decisão/União,ALUNO-365,6.0,C,Ametista,7.376,9.2,6.9,5.0,6.5,6.9,Não,7.9,10.0
,ALUNO-366,,,,,,,,,,,,
Escola Pública,ALUNO-367,4.0,F,Ágata,6.392,7.9,4.4,7.5,4.8,7.0,Não,6.5,10.0
UNISA,ALUNO-368,,,,,,,,,,,,
,ALUNO-369,,,,,,,,,,,,
Escola Pública,ALUNO-370,3.0,G,Ametista,8.196,7.9,8.9,6.3,9.1,9.0,Não,8.9,5.0
Rede Decisão/União,ALUNO-371,,,,,,,,,,,,
Escola Pública,ALUNO-372,2.0,E,Ágata,6.360,8.0,5.4,7.5,4.9,7.5,Não,7.4,5.0
Escola Pública,ALUNO-373,4.0,L,Quartzo,4.712,9.2,4.4,5.6,1.5,7.2,Não,4.2,5.0
Escola Pública,ALUNO-374,7.0,A,Topázio,8.276,9.6,9.4,7.5,6.4,8.1,Não,7.9,10.0
Rede Decisão/União,ALUNO-375,2.0,B,Topázio,8.858,9.5,10.0,7.5,8.1,7.5,Não,8.9,10.0
Escola Pública,ALUNO-376,4.0,A,Quartzo,5.216,8.8,5.8,0.0,3.9,7.7,Não,5.7,5.0
Rede Decisão/União,ALUNO-377,3.0,G,Ametista,7.110,8.8,7.5,5.6,4.2,7.5,Não,7.9,10.0
Rede Decisão/União,ALUNO-378,6.0,C,Ametista,7.441,6.7,7.8,4.4,7.7,7.8,Não,7.3,10.0
Escola Pública,ALUNO-379,4.0,E,Quartzo,4.151,10.0,2.8,5.0,1.7,5.6,Não,3.5,5.0
FIAP,ALUNO-380,,,,,,,,,,,,
Escola Pública,ALUNO-381,0.0,I,Ametista,7.052,9.5,8.3,6.3,6.1,7.8,Não,6.6,5.0
FIAP,ALUNO-382,,,,,,,,,,,,
Escola Pública,ALUNO-383,0.0,R,Ametista,6.915,9.5,5.8,7.5,6.3,7.2,Não,7.8,5.0
Escola Pública,ALUNO-384,1.0,C,Ametista,7.418,8.5,9.2,8.8,3.6,8.1,Sim,9.1,5.0
Escola Pública,ALUNO-385,3.0,M,Quartzo,5.435,8.8,3.9,7.5,2.6,7.3,Não,6.4,5.0
,ALUNO-386,,,,,,,,,,,,
Escola Pública,ALUNO-387,3.0,R,Ágata,6.190,7.9,5.8,5.0,6.6,7.3,Não,5.9,5.0
Escola Pública,ALUNO-388,2.0,C,Ágata,6.007,9.5,3.8,7.5,3.8,7.5,Não,7.7,5.0
Escola Pública,ALUNO-389,6.0,A,Ametista,8.201,8.3,8.6,6.3,9.0,9.4,Não,8.9,5.0
Escola Pública,ALUNO-390,,,,,,,,,,,,
,ALUNO-391,,,,,,,,,,,,
,ALUNO-392,,,,,,,,,,,,
Escola Pública,ALUNO-393,2.0,F,Ametista,7.260,9.0,6.7,7.5,7.4,8.1,Não,7.4,5.0
Rede Decisão/União,ALUNO-394,4.0,F,Ágata,6.053,7.1,5.3,6.9,5.2,7.2,Não,6.7,5.0
,ALUNO-395,,,,,,,,,,,,
Escola Pública,ALUNO-396,5.0,A,Ametista,7.593,7.9,8.1,7.5,7.2,7.7,Não,8.7,5.0
Rede Decisão/União,ALUNO-397,3.0,B,Quartzo,4.257,6.7,2.8,3.1,2.5,4.6,Não,3.8,10.0
,ALUNO-398,,,,,,,,,,,,
Escola Pública,ALUNO-399,,,,,,,,,,,,
Escola Pública,ALUNO-400,1.0,C,Quartzo,3.729,0.0,3.3,5.6,1.2,7.3,Não,5.2,5.0
Escola Pública,ALUNO-401,,,,,,,,,,,,
,ALUNO-402,,,,,,,,,,,,
Escola Pública,ALUNO-403,3.0,D,Ametista,7.878,9.2,7.2,7.5,6.4,7.9,Não,8.5,10.0
Rede Decisão/União,ALUNO-404,4.0,G,Topázio,8.499,8.8,9.2,7.5,7.4,8.9,Não,8.3,10.0
Escola Pública,ALUNO-405,0.0,S,Ametista,7.767,8.5,8.3,7.5,6.0,7.5,Não,7.8,10.0
Escola Pública,ALUNO-406,1.0,A,Ágata,6.868,9.0,8.3,6.9,6.4,7.5,Não,5.4,5.0
Rede Decisão/União,ALUNO-407,4.0,G,Topázio,8.475,8.3,8.9,7.5,6.6,9.2,Sim,9.4,10.0
Escola Pública,ALUNO-408,1.0,C,Topázio,8.699,9.0,9.2,8.8,7.2,8.8,Não,8.9,10.0
,ALUNO-409,,,,,,,,,,,,
,ALUNO-410,,,,,,,,,,,,
,ALUNO-411,,,,,,,,,,,,
,ALUNO-412,,,,,,,,,,,,
,ALUNO-413,,,,,,,,,,,,
Escola Pública,ALUNO-414,,,,,,,,,,,,
,ALUNO-415,,,,,,,,,,,,
Escola Pública,ALUNO-416,2.0,H,Ametista,7.349,9.0,8.8,4.4,6.9,7.3,Não,8.2,5.0
,ALUNO-417,,,,,,,,,,,,
,ALUNO-418,,,,,,,,,,,,
,ALUNO-419,,,,,,,,,,,,
,ALUNO-420,,,,,,,,,,,,
Escola Pública,ALUNO-421,4.0,F,Ágata,6.624,9.2,5.8,7.5,5.8,7.7,Não,6.9,5.0
Escola Pública,ALUNO-422,0.0,Q,Ametista,7.965,9.0,10.0,7.5,7.2,8.4,Não,7.7,5.0
Escola Pública,ALUNO-423,5.0,F,Quartzo,3.146,0.0,1.7,5.0,1.5,6.9,Não,4.2,5.0
Escola Pública,ALUNO-424,2.0,I,Ágata,5.990,9.0,5.0,7.5,4.5,7.3,Não,6.1,5.0
Escola Pública,ALUNO-425,3.0,F,Ágata,6.642,9.2,6.4,7.5,5.5,7.1,Não,6.9,5.0
Escola Pública,ALUNO-426,,,,,,,,,,,,
,ALUNO-427,,,,,,,,,,,,
,ALUNO-428,,,,,,,,,,,,
,ALUNO-429,,,,,,,,,,,,
,ALUNO-430,,,,,,,,,,,,
Escola Pública,ALUNO-431,,,,,,,,,,,,
Escola Pública,ALUNO-432,0.0,I,Quartzo,4.946,9.0,6.7,5.0,2.6,2.5,Não,4.8,5.0
,ALUNO-433,,,,,,,,,,,,
,ALUNO-434,,,,,,,,,,,,
Escola Pública,ALUNO-435,5.0,B,Quartzo,4.169,6.7,4.7,0.0,3.0,7.5,Não,3.5,5.0
Escola Pública,ALUNO-436,2.0,J,Ametista,7.743,9.5,8.8,7.5,6.3,8.5,Não,8.4,5.0
Escola Pública,ALUNO-437,2.0,P,Ágata,6.482,8.5,5.0,7.5,4.0,7.7,Não,6.6,10.0
Escola Pública,ALUNO-438,5.0,B,Ágata,5.756,9.2,5.3,7.5,2.8,7.5,Não,6.1,5.0
Escola Pública,ALUNO-439,,,,,,,,,,,,
Escola Pública,ALUNO-440,5.0,B,Ametista,7.382,8.3,8.1,7.5,6.7,8.1,Não,7.7,5.0
Escola Pública,ALUNO-441,2.0,R,Ametista,7.571,9.0,7.9,6.3,7.8,8.1,Não,8.0,5.0
Escola Pública,ALUNO-442,1.0,F,Quartzo,5.188,8.5,4.2,7.5,0.7,7.5,Não,6.8,5.0
Escola Pública,ALUNO-443,,,,,,,,,,,,
Escola Pública,ALUNO-444,1.0,J,Ágata,6.469,9.5,4.2,7.5,5.1,8.1,Não,8.1,5.0
Escola Pública,ALUNO-445,,,,,,,,,,,,
,ALUNO-446,,,,,,,,,,,,
Escola Pública,ALUNO-447,1.0,J,Ametista,7.690,9.5,9.6,5.0,6.4,7.9,Não,8.7,5.0
Escola Pública,ALUNO-448,3.0,R,Ametista,7.850,9.2,7.8,7.5,6.3,7.5,Não,8.1,10.0
Escola Pública,ALUNO-449,2.0,N,Ametista,7.653,8.5,7.5,7.5,4.9,8.5,Não,8.6,10.0
Escola Pública,ALUNO-450,5.0,A,Ametista,7.196,7.1,7.5,7.5,6.3,8.1,Não,8.3,5.0
Escola Pública,ALUNO-451,1.0,E,Ágata,5.667,8.5,5.0,7.5,1.0,8.3,Não,7.7,5.0
Escola Pública,ALUNO-452,1.0,G,Ametista,7.118,7.0,8.8,7.5,4.8,8.1,Não,8.3,5.0
Escola Pública,ALUNO-453,,,,,,,,,,,,
,ALUNO-454,,,,,,,,,,,,
Escola Pública,ALUNO-455,2.0,F,Ametista,7.154,8.5,7.1,7.5,4.9,7.3,Não,7.2,10.0
,ALUNO-456,,,,,,,,,,,,
Escola Pública,ALUNO-457,,,,,,,,,,,,
Escola Pública,ALUNO-458,,,,,,,,,,,,
Escola Pública,ALUNO-459,,,,,,,,,,,,
Escola Pública,ALUNO-460,,,,,,,,,,,,
,ALUNO-461,,,,,,,,,,,,
Escola Pública,ALUNO-462,,,,,,,,,,,,
Rede Decisão/União,ALUNO-463,4.0,G,Topázio,8.292,9.6,8.3,7.5,7.0,8.8,Não,8.2,10.0
Escola Pública,ALUNO-464,,,,,,,,,,,,
Escola Pública,ALUNO-465,0.0,S,Ametista,8.123,8.5,10.0,7.5,7.6,7.8,Não,8.6,5.0
Escola Pública,ALUNO-466,,,,,,,,,,,,
Escola Pública,ALUNO-467,,,,,,,,,,,,
Escola Pública,ALUNO-468,2.0,N,Ágata,6.583,7.0,6.3,7.5,3.6,7.7,Não,7.0,10.0
Rede Decisão/União,ALUNO-469,4.0,A,Ágata,6.759,6.3,6.7,7.5,6.4,7.3,Não,5.2,10.0
,ALUNO-470,,,,,,,,,,,,
,ALUNO-471,,,,,,,,,,,,
Escola Pública,ALUNO-472,,,,,,,,,,,,
Escola Pública,ALUNO-473,,,,,,,,,,,,
Escola Pública,ALUNO-474,2.0,H,Ametista,7.215,9.0,7.5,7.5,4.6,7.1,Não,7.2,10.0
,ALUNO-475,,,,,,,,,,,,
Escola Pública,ALUNO-476,,,,,,,,,,,,
Escola Pública,ALUNO-477,2.0,L,Quartzo,5.185,0.0,5.8,7.5,4.3,7.3,Não,5.9,5.0
Escola Pública,ALUNO-478,,,,,,,,,,,,
,ALUNO-479,,,,,,,,,,,,
,ALUNO-480,,,,,,,,,,,,
,ALUNO-481,,,,,,,,,,,,
Escola Pública,ALUNO-482,2.0,F,Topázio,9.021,10.0,10.0,7.5,9.1,9.8,Sim,9.8,5.0
Rede Decisão/União,ALUNO-483,2.0,G,Ametista,7.644,9.5,8.3,5.0,8.1,7.9,Não,8.1,5.0
FIAP,ALUNO-484,,,,,,,,,,,,
Escola Pública,ALUNO-485,3.0,D,Ágata,6.387,7.1,6.1,7.5,5.0,7.3,Não,7.4,5.0
Escola Pública,ALUNO-486,2.0,C,Quartzo,5.511,0.0,6.3,7.5,6.0,6.7,Não,5.7,5.0
Escola Pública,ALUNO-487,0.0,S,Ametista,7.440,10.0,6.7,7.5,7.1,7.8,Não,8.3,5.0
Escola Pública,ALUNO-488,3.0,R,Ágata,5.539,8.3,5.3,7.5,3.0,7.1,Não,5.5,5.0
,ALUNO-489,,,,,,,,,,,,
Rede Decisão/União,ALUNO-490,4.0,A,Ametista,7.044,8.8,7.8,6.9,6.5,7.3,Não,7.0,5.0
Escola Pública,ALUNO-491,,,,,,,,,,,,
Escola Pública,ALUNO-492,,,,,,,,,,,,
,ALUNO-493,,,,,,,,,,,,
Escola Pública,ALUNO-494,1.0,C,Topázio,8.268,9.5,9.2,7.5,7.2,8.8,Sim,9.6,5.0
FIAP,ALUNO-495,,,,,,,,,,,,
Rede Decisão/União,ALUNO-496,4.0,A,Ametista,7.895,9.6,6.7,7.5,7.5,8.3,Não,7.7,10.0
Escola Pública,ALUNO-497,2.0,K,Ametista,7.599,9.0,8.3,7.5,6.6,8.1,Não,8.2,5.0
Escola Pública,ALUNO-498,3.0,H,Ágata,5.735,9.6,3.9,5.0,3.8,7.3,Não,5.1,10.0
Rede Decisão/União,ALUNO-499,2.0,A,Ametista,7.497,9.0,7.1,7.5,7.1,7.5,Não,8.8,5.0
Escola Pública,ALUNO-500,7.0,A,Ametista,7.878,9.2,8.9,5.6,6.4,8.1,Não,7.6,10.0
,ALUNO-501,,,,,,,,,,,,
Escola Pública,ALUNO-502,4.0,G,Ágata,6.853,10.0,4.7,7.5,3.9,8.8,Não,7.5,10.0
Escola Pública,ALUNO-503,0.0,J,Ametista,8.008,9.5,10.0,7.5,6.9,7.5,Não,8.4,5.0
,ALUNO-504,,,,,,,,,,,,
,ALUNO-505,,,,,,,,,,,,
Escola Pública,ALUNO-506,0.0,J,#NULO!,#NULO!,7.4,0.0,5.0,4.1,0.0,#NULO!,0.0,10.0
Escola Pública,ALUNO-507,4.0,E,Ágata,5.580,9.6,3.9,5.0,2.8,7.2,Não,5.3,10.0
,ALUNO-508,,,,,,,,,,,,
Escola Pública,ALUNO-509,,,,,,,,,,,,
,ALUNO-510,,,,,,,,,,,,
Escola Pública,ALUNO-511,0.0,S,Ametista,7.296,7.5,8.3,7.5,6.6,7.5,Não,7.8,5.0
Escola Pública,ALUNO-512,4.0,A,Ametista,7.972,8.3,8.6,7.5,7.0,8.8,Sim,9.5,5.0
Escola Pública,ALUNO-513,1.0,F,Ametista,7.285,8.5,7.5,7.5,6.1,7.7,Não,8.4,5.0
,ALUNO-514,,,,,,,,,,,,
Escola Pública,ALUNO-515,,,,,,,,,,,,
,ALUNO-516,,,,,,,,,,,,
Escola Pública,ALUNO-517,,,,,,,,,,,,
Rede Decisão/União,ALUNO-518,7.0,A,Ametista,7.971,9.6,6.7,7.5,7.9,8.1,Não,7.7,10.0
,ALUNO-519,,,,,,,,,,,,
Escola Pública,ALUNO-520,3.0,L,Topázio,8.414,7.9,9.7,5.6,7.2,9.0,Não,8.9,10.0
Escola Pública,ALUNO-521,2.0,E,Ametista,7.254,9.5,4.6,7.5,5.3,8.5,Não,8.7,10.0
Escola Pública,ALUNO-522,2.0,P,Ágata,5.868,8.5,4.2,7.5,3.8,7.5,Não,7.1,5.0
Escola Pública,ALUNO-523,3.0,D,Ametista,7.082,7.9,5.6,7.5,6.4,6.9,Não,7.3,10.0
Escola Pública,ALUNO-524,1.0,E,Topázio,8.494,9.5,9.2,7.5,8.4,8.8,Sim,9.6,5.0
,ALUNO-525,,,,,,,,,,,,
Escola Pública,ALUNO-526,1.0,F,Ametista,7.626,8.5,8.8,7.5,7.8,7.7,Não,7.3,5.0
Rede Decisão/União,ALUNO-527,6.0,C,Ametista,7.620,9.2,7.2,7.5,7.1,8.6,Não,8.7,5.0
,ALUNO-528,,,,,,,,,,,,
Escola Pública,ALUNO-529,1.0,N,Ametista,8.090,8.0,9.6,7.5,8.0,8.1,Não,8.6,5.0
Escola Pública,ALUNO-530,,,,,,,,,,,,
Escola Pública,ALUNO-531,5.0,A,Ametista,7.223,8.8,8.3,7.5,5.7,7.8,Não,7.5,5.0
,ALUNO-532,,,,,,,,,,,,
Escola Pública,ALUNO-533,3.0,B,Ágata,5.956,9.2,5.3,7.5,4.9,7.8,Não,4.9,5.0
Escola Pública,ALUNO-534,,,,,,,,,,,,
Escola Pública,ALUNO-535,,,,,,,,,,,,
Escola Pública,ALUNO-536,1.0,R,Quartzo,4.586,8.0,1.7,7.5,3.1,6.7,Não,4.6,5.0
Escola Pública,ALUNO-537,0.0,M,Quartzo,4.808,6.3,4.2,7.5,3.4,5.0,Não,4.6,5.0
Escola Pública,ALUNO-538,2.0,J,Quartzo,4.824,9.0,5.0,5.0,1.1,5.2,Não,5.9,5.0
,ALUNO-539,,,,,,,,,,,,
Escola Pública,ALUNO-540,2.0,I,Ágata,6.078,8.5,5.4,7.5,4.5,7.5,Não,6.2,5.0
Escola Pública,ALUNO-541,4.0,L,Ametista,7.835,9.2,6.9,7.5,6.8,8.1,Não,8.0,10.0
Escola Pública,ALUNO-542,0.0,R,Ametista,7.565,8.0,8.3,7.5,7.0,7.8,Não,8.3,5.0
,ALUNO-543,,,,,,,,,,,,
Escola Pública,ALUNO-544,2.0,R,Ametista,7.292,9.0,7.9,6.3,6.7,8.1,Não,7.7,5.0
Escola Pública,ALUNO-545,,,,,,,,,,,,
Escola Pública,ALUNO-546,6.0,A,Ágata,5.728,10.0,7.2,2.5,4.0,4.6,Não,6.3,5.0
Escola Pública,ALUNO-547,4.0,G,Ágata,6.800,7.5,6.4,6.3,7.1,8.0,Não,7.1,5.0
Escola Pública,ALUNO-548,0.0,S,Topázio,8.431,9.5,10.0,7.5,5.3,7.8,Sim,9.5,10.0
Escola Pública,ALUNO-549,,,,,,,,,,,,
Escola Pública,ALUNO-550,0.0,S,Ametista,7.873,10.0,8.3,7.5,6.9,7.2,Sim,9.3,5.0
,ALUNO-551,,,,,,,,,,,,
Escola Pública,ALUNO-552,,,,,,,,,,,,
,ALUNO-553,,,,,,,,,,,,
,ALUNO-554,,,,,,,,,,,,
Escola Pública,ALUNO-555,2.0,J,Topázio,8.489,7.4,10.0,8.1,6.6,8.5,Não,8.8,10.0
,ALUNO-556,,,,,,,,,,,,
Escola Pública,ALUNO-557,2.0,M,Ametista,7.543,9.0,8.3,6.9,5.9,8.1,Não,8.9,5.0
,ALUNO-558,,,,,,,,,,,,
Escola Pública,ALUNO-559,,,,,,,,,,,,
Escola Pública,ALUNO-560,2.0,N,Ágata,6.489,9.5,4.6,7.5,3.2,8.1,Não,7.1,10.0
Escola Pública,ALUNO-561,3.0,G,Quartzo,4.740,7.9,1.1,7.5,4.0,6.9,Não,4.9,5.0
Escola Pública,ALUNO-562,2.0,L,Topázio,8.418,7.5,7.9,7.5,9.2,8.8,Não,8.1,10.0
Escola Pública,ALUNO-563,0.0,T,Topázio,8.371,9.5,10.0,7.5,7.1,8.1,Sim,9.7,5.0
Escola Pública,ALUNO-564,4.0,E,Ágata,5.755,10.0,3.9,7.5,2.8,7.2,Não,4.8,10.0
Escola Pública,ALUNO-565,1.0,N,Topázio,8.385,10.0,8.8,7.5,5.8,8.1,Sim,9.6,10.0
Escola Pública,ALUNO-566,5.0,B,Ametista,8.133,8.8,7.8,7.5,7.9,8.4,Não,7.6,10.0
Escola Pública,ALUNO-567,0.0,Q,Ágata,6.885,8.0,5.8,7.5,5.0,7.2,Não,7.3,10.0
Escola Pública,ALUNO-568,,,,,,,,,,,,
Escola Pública,ALUNO-569,1.0,B,Topázio,8.644,10.0,10.0,7.5,7.0,7.5,Não,8.7,10.0
Escola Pública,ALUNO-570,1.0,R,Quartzo,5.049,9.5,3.3,7.5,2.0,7.7,Não,5.1,5.0
Escola Pública,ALUNO-571,3.0,D,Ametista,7.246,6.7,7.2,7.5,7.6,7.7,Não,7.9,5.0
Escola Pública,ALUNO-572,0.0,Q,Topázio,8.681,7.5,10.0,7.5,6.7,8.4,Sim,10.0,10.0
,ALUNO-573,,,,,,,,,,,,
Escola Pública,ALUNO-574,6.0,C,Ametista,7.336,8.8,8.6,7.5,5.7,8.0,Não,7.8,5.0
,ALUNO-575,,,,,,,,,,,,
,ALUNO-576,,,,,,,,,,,,
Escola Pública,ALUNO-577,,,,,,,,,,,,
Escola Pública,ALUNO-578,0.0,Q,Ametista,7.490,8.5,6.7,7.5,5.2,7.2,Sim,9.0,10.0
Escola Pública,ALUNO-579,2.0,H,Ametista,7.332,8.5,6.3,7.5,5.4,7.5,Não,8.2,10.0
,ALUNO-580,,,,,,,,,,,,
Escola Pública,ALUNO-581,,,,,,,,,,,,
,ALUNO-582,,,,,,,,,,,,
Escola Pública,ALUNO-583,4.0,A,Ágata,6.535,6.7,5.6,7.5,5.8,7.7,Não,7.9,5.0
Escola Pública,ALUNO-584,1.0,C,Ametista,7.039,9.0,8.8,7.5,2.7,8.1,Não,8.9,5.0
Escola Pública,ALUNO-585,2.0,F,Quartzo,2.735,0.0,1.3,4.4,0.4,6.6,Não,5.3,2.5
Escola Pública,ALUNO-586,1.0,J,Ametista,8.019,8.5,9.6,7.5,7.1,8.1,Não,8.9,5.0
,ALUNO-587,,,,,,,,,,,,
Escola Pública,ALUNO-588,1.0,E,Topázio,8.881,10.0,9.6,7.5,7.8,8.8,Não,8.9,10.0
Escola Pública,ALUNO-589,1.0,R,Ametista,7.413,7.4,8.3,7.5,6.4,8.1,Não,8.3,5.0
,ALUNO-590,,,,,,,,,,,,
,ALUNO-591,,,,,,,,,,,,
,ALUNO-592,,,,,,,,,,,,
,ALUNO-593,,,,,,,,,,,,
Escola Pública,ALUNO-594,1.0,C,Ametista,7.476,9.5,9.2,7.5,4.8,7.9,Não,8.4,5.0
Escola Pública,ALUNO-595,0.0,S,Topázio,8.806,9.5,10.0,7.5,6.9,7.8,Sim,9.8,10.0
Escola Pública,ALUNO-596,1.0,N,Ágata,6.374,10.0,6.7,7.5,3.0,8.1,Não,6.9,5.0
Escola Pública,ALUNO-597,,,,,,,,,,,,
Escola Pública,ALUNO-598,,,,,,,,,,,,
UNISA,ALUNO-599,,,,,,,,,,,,
,ALUNO-600,,,,,,,,,,,,
Escola Pública,ALUNO-601,,,,,,,,,,,,
Escola Pública,ALUNO-602,1.0,E,Quartzo,4.940,0.0,4.6,7.5,2.3,8.4,Não,7.3,5.0
Escola Pública,ALUNO-603,1.0,R,Ágata,5.787,0.0,9.2,3.1,3.3,8.1,Não,8.3,5.0
Rede Decisão/União,ALUNO-604,,,,,,,,,,,,
Escola Pública,ALUNO-605,,,,,,,,,,,,
Escola Pública,ALUNO-606,,,,,,,,,,,,
,ALUNO-607,,,,,,,,,,,,
Escola Pública,ALUNO-608,4.0,A,Ametista,7.310,7.1,7.2,5.0,8.5,7.7,Não,8.5,5.0
UNISA,ALUNO-609,,,,,,,,,,,,
Escola Pública,ALUNO-610,5.0,B,Ametista,6.913,8.8,6.4,7.5,5.8,8.4,Não,7.5,5.0
Rede Decisão/União,ALUNO-611,,,,,,,,,,,,
,ALUNO-612,,,,,,,,,,,,
Escola Pública,ALUNO-613,1.0,R,Ametista,7.196,9.5,9.2,3.1,5.5,8.3,Não,8.3,5.0
Escola Pública,ALUNO-614,,,,,,,,,,,,
Escola Pública,ALUNO-615,1.0,B,Topázio,8.358,9.0,8.8,7.5,7.4,7.5,Não,8.7,10.0
Escola Pública,ALUNO-616,,,,,,,,,,,,
Escola Pública,ALUNO-617,0.0,T,Topázio,8.583,9.0,10.0,7.5,5.9,8.1,Sim,9.7,10.0
Escola Pública,ALUNO-618,,,,,,,,,,,,
Escola Pública,ALUNO-619,2.0,N,Ágata,6.682,7.9,5.0,7.5,4.6,7.7,Não,7.2,10.0
Escola Pública,ALUNO-620,1.0,C,Quartzo,2.942,0.0,1.3,7.5,0.0,6.3,Não,4.1,5.0
,ALUNO-621,,,,,,,,,,,,
Escola Pública,ALUNO-622,3.0,F,Quartzo,5.193,10.0,3.6,7.5,0.7,6.9,Não,4.5,10.0
,ALUNO-623,,,,,,,,,,,,
Escola Pública,ALUNO-624,3.0,F,Ágata,5.742,7.1,5.0,7.5,5.1,7.1,Não,6.5,2.5
Escola Pública,ALUNO-625,,,,,,,,,,,,
Escola Pública,ALUNO-626,,,,,,,,,,,,
Escola Pública,ALUNO-627,0.0,S,Ametista,7.442,8.0,8.3,7.5,6.9,7.5,Não,8.0,5.0
Escola Pública,ALUNO-628,0.0,O,Ametista,7.438,9.0,8.3,7.5,5.9,7.5,Não,8.4,5.0
FIAP,ALUNO-629,,,,,,,,,,,,
FIAP,ALUNO-630,,,,,,,,,,,,
Escola Pública,ALUNO-631,,,,,,,,,,,,
Escola Pública,ALUNO-632,0.0,S,Ágata,5.888,9.0,5.0,7.5,3.4,7.5,Não,6.5,5.0
,ALUNO-633,,,,,,,,,,,,
Escola João Paulo II,ALUNO-634,1.0,A,Quartzo,3.754,6.3,2.1,6.3,2.4,4.4,Não,3.3,5.0
Escola Pública,ALUNO-635,5.0,F,Quartzo,4.494,4.6,3.3,5.0,4.8,5.9,Não,4.0,5.0
Escola Pública,ALUNO-636,,,,,,,,,,,,
,ALUNO-637,,,,,,,,,,,,
Escola Pública,ALUNO-638,2.0,I,Ágata,6.783,8.5,6.3,6.9,6.1,7.5,Não,7.7,5.0
Escola Pública,ALUNO-639,,,,,,,,,,,,
Escola Pública,ALUNO-640,,,,,,,,,,,,
,ALUNO-641,,,,,,,,,,,,
Escola Pública,ALUNO-642,1.0,C,Ametista,7.082,8.5,7.5,6.3,6.4,6.9,Não,8.2,5.0
,ALUNO-643,,,,,,,,,,,,
Escola Pública,ALUNO-644,2.0,A,Topázio,9.163,10.0,10.0,5.0,9.4,8.5,Sim,9.7,10.0
Escola Pública,ALUNO-645,0.0,J,Ágata,6.633,10.0,6.7,7.5,5.3,7.5,Não,6.2,5.0
Escola Pública,ALUNO-646,2.0,D,Ametista,7.396,9.0,7.9,7.5,6.6,7.7,Não,7.8,5.0
Escola Pública,ALUNO-647,2.0,R,Quartzo,3.868,9.5,1.7,5.0,0.0,7.3,Não,4.3,5.0
Escola Pública,ALUNO-648,,,,,,,,,,,,
,ALUNO-649,,,,,,,,,,,,
,ALUNO-650,,,,,,,,,,,,
,ALUNO-651,,,,,,,,,,,,
,ALUNO-652,,,,,,,,,,,,
Escola Pública,ALUNO-653,0.0,M,Ametista,6.942,9.0,5.8,7.5,4.9,7.5,Não,7.0,10.0
,ALUNO-654,,,,,,,,,,,,
Escola Pública,ALUNO-655,,,,,,,,,,,,
,ALUNO-656,,,,,,,,,,,,
Escola Pública,ALUNO-657,2.0,P,Ametista,8.046,9.5,6.3,7.5,8.5,9.0,Sim,10.0,5.0
Escola Pública,ALUNO-658,0.0,N,Ágata,5.615,9.5,4.2,7.5,2.8,7.8,Não,6.2,5.0
Escola Pública,ALUNO-659,3.0,B,Quartzo,5.348,8.3,3.6,7.5,1.3,7.8,Não,5.1,10.0
Escola Pública,ALUNO-660,5.0,B,Quartzo,5.336,8.3,4.7,0.0,5.3,7.9,Não,6.0,5.0
Rede Decisão/União,ALUNO-661,,,,,,,,,,,,
,ALUNO-662,,,,,,,,,,,,
Escola Pública,ALUNO-663,2.0,D,Quartzo,5.479,7.8,2.9,7.5,3.3,6.7,Não,5.2,10.0
Rede Decisão/União,ALUNO-664,5.0,A,Topázio,8.681,10.0,8.6,7.5,9.3,8.8,Sim,9.9,5.0
,ALUNO-665,,,,,,,,,,,,
Escola Pública,ALUNO-666,,,,,,,,,,,,
,ALUNO-667,,,,,,,,,,,,
Escola Pública,ALUNO-668,2.0,J,Ágata,6.722,8.0,5.8,7.5,4.5,7.5,Não,6.8,10.0
,ALUNO-669,,,,,,,,,,,,
Escola Pública,ALUNO-670,6.0,A,Ametista,7.872,7.9,7.5,7.5,7.9,9.2,Sim,9.2,5.0
Escola Pública,ALUNO-671,1.0,E,Ametista,7.963,9.0,9.6,6.3,7.4,8.3,Não,8.5,5.0
Escola Pública,ALUNO-672,1.0,N,Quartzo,5.411,9.5,3.3,7.5,2.3,7.7,Não,6.6,5.0
,ALUNO-673,,,,,,,,,,,,
,ALUNO-674,,,,,,,,,,,,
Escola Pública,ALUNO-675,5.0,B,Quartzo,4.600,8.3,2.8,7.5,0.0,7.5,Não,3.6,10.0
Escola Pública,ALUNO-676,,,,,,,,,,,,
Escola Pública,ALUNO-677,,,,,,,,,,,,
Escola Pública,ALUNO-678,,,,,,,,,,,,
,ALUNO-679,,,,,,,,,,,,
Escola Pública,ALUNO-680,,,,,,,,,,,,
Escola Pública,ALUNO-681,2.0,C,Ágata,6.842,8.5,6.3,6.9,6.6,7.3,Não,7.5,5.0
Escola Pública,ALUNO-682,1.0,N,Ametista,8.040,8.0,9.6,7.5,7.3,8.1,Sim,9.1,5.0
Escola Pública,ALUNO-683,,,,,,,,,,,,
Escola Pública,ALUNO-684,,,,,,,,,,,,
Escola Pública,ALUNO-685,0.0,P,Ágata,6.048,8.5,5.0,6.3,4.7,7.2,Não,7.1,5.0
Escola Pública,ALUNO-686,0.0,P,Ametista,6.917,9.5,5.8,7.5,6.5,7.5,Não,7.5,5.0
Escola Pública,ALUNO-687,3.0,C,Quartzo,5.101,6.7,5.0,7.5,2.0,7.3,Não,5.3,5.0
Escola Pública,ALUNO-688,7.0,A,Ametista,7.738,8.3,9.7,5.6,8.3,7.8,Não,7.3,5.0
Rede Decisão/União,ALUNO-689,2.0,B,Ametista,7.908,8.5,9.2,7.5,7.9,7.5,Não,8.3,5.0
Escola Pública,ALUNO-690,0.0,N,Ágata,6.042,9.0,8.3,0.0,4.9,7.5,Não,6.2,5.0
Escola Pública,ALUNO-691,,,,,,,,,,,,
,ALUNO-692,,,,,,,,,,,,
Escola Pública,ALUNO-693,0.0,P,Ágata,6.675,8.5,5.0,7.5,5.9,7.5,Não,8.3,5.0
Escola Pública,ALUNO-694,0.0,Q,Topázio,8.665,9.5,10.0,7.5,7.3,7.8,Não,8.7,10.0
Escola Pública,ALUNO-695,0.0,J,Topázio,8.263,10.0,10.0,7.5,7.1,7.5,Sim,9.3,5.0
Escola Pública,ALUNO-696,,,,,,,,,,,,
,ALUNO-697,,,,,,,,,,,,
Escola Pública,ALUNO-698,6.0,A,Ametista,7.294,7.9,8.1,5.6,7.2,8.1,Não,7.9,5.0
Escola Pública,ALUNO-699,,,,,,,,,,,,
Escola Pública,ALUNO-700,2.0,I,Ágata,6.197,9.5,4.6,7.5,4.9,7.5,Não,6.8,5.0
,ALUNO-701,,,,,,,,,,,,
Escola Pública,ALUNO-702,,,,,,,,,,,,
Escola Pública,ALUNO-703,3.0,F,Ametista,7.106,9.2,6.7,7.5,6.3,7.5,Não,7.9,5.0
Escola Pública,ALUNO-704,,,,,,,,,,,,
,ALUNO-705,,,,,,,,,,,,
Escola Pública,ALUNO-706,2.0,I,Ametista,7.213,10.0,6.3,7.5,6.9,7.7,Não,7.8,5.0
Escola Pública,ALUNO-707,2.0,C,Ágata,6.814,9.5,7.1,7.5,5.4,7.5,Não,8.1,2.5
Escola Pública,ALUNO-708,1.0,E,Ametista,7.286,9.0,9.2,7.5,5.1,8.3,Não,7.2,5.0
Escola Pública,ALUNO-709,1.0,R,Ametista,7.449,8.5,8.3,7.5,5.8,8.5,Não,8.4,5.0
Rede Decisão/União,ALUNO-710,2.0,B,Topázio,8.713,9.5,9.2,7.5,8.3,8.3,Não,8.4,10.0
,ALUNO-711,,,,,,,,,,,,
Escola Pública,ALUNO-712,,,,,,,,,,,,
Escola Pública,ALUNO-713,2.0,R,Quartzo,5.129,0.0,6.3,6.9,2.6,8.1,Não,6.8,5.0
Escola Pública,ALUNO-714,,,,,,,,,,,,
,ALUNO-715,,,,,,,,,,,,
Escola Pública,ALUNO-716,2.0,G,Ametista,6.911,8.5,6.3,7.5,4.5,7.5,Não,7.1,10.0
Escola Pública,ALUNO-717,3.0,R,Quartzo,5.494,8.8,4.7,7.5,3.3,7.1,Não,5.3,5.0
Escola Pública,ALUNO-718,,,,,,,,,,,,
Escola Pública,ALUNO-719,,,,,,,,,,,,
Escola Pública,ALUNO-720,,,,,,,,,,,,
Escola Pública,ALUNO-721,2.0,I,Quartzo,5.029,9.5,3.8,5.6,2.5,6.7,Não,5.5,5.0
Escola Pública,ALUNO-722,1.0,M,Topázio,8.271,10.0,10.0,7.5,6.9,8.1,Sim,9.2,5.0
,ALUNO-723,,,,,,,,,,,,
Escola Pública,ALUNO-724,,,,,,,,,,,,
Escola Pública,ALUNO-725,2.0,M,Quartzo,2.767,0.0,0.4,7.5,0.0,7.5,Não,3.4,5.0
Escola Pública,ALUNO-726,0.0,M,Ágata,5.981,8.4,4.2,7.5,3.4,7.2,Não,5.7,10.0
,ALUNO-727,,,,,,,,,,,,
,ALUNO-728,,,,,,,,,,,,
Escola Pública,ALUNO-729,4.0,E,Ágata,5.686,6.7,3.9,7.5,5.8,7.5,Não,5.4,5.0
Rede Decisão,ALUNO-730,5.0,F,Ágata,5.690,8.3,4.4,5.0,5.8,7.3,Não,5.3,5.0
Escola Pública,ALUNO-731,,,,,,,,,,,,
Escola Pública,ALUNO-732,5.0,L,Ametista,7.765,7.9,6.4,7.5,8.0,8.1,Não,7.7,10.0
Escola Pública,ALUNO-733,3.0,L,Ametista,6.890,8.8,6.4,6.3,4.4,7.7,Não,7.3,10.0
,ALUNO-734,,,,,,,,,,,,
,ALUNO-735,,,,,,,,,,,,
Escola Pública,ALUNO-736,0.0,N,Quartzo,5.113,9.0,5.0,0.0,3.6,2.5,Não,6.2,10.0
Escola Pública,ALUNO-737,2.0,N,Ametista,7.431,9.0,7.1,7.5,6.9,8.5,Não,8.1,5.0
Escola Pública,ALUNO-738,3.0,J,Ametista,8.042,9.2,7.8,6.3,8.1,7.5,Não,7.9,10.0
Rede Decisão/União,ALUNO-739,3.0,A,Ametista,8.085,9.2,8.1,8.8,7.6,8.1,Sim,9.2,5.0
Escola Pública,ALUNO-740,0.0,P,Ágata,6.421,9.0,5.8,7.5,4.2,7.5,Não,7.6,5.0
Escola Pública,ALUNO-741,5.0,B,Ametista,7.002,8.8,4.4,7.5,6.2,8.0,Não,7.3,10.0
Escola Pública,ALUNO-742,3.0,G,Ametista,7.360,7.5,6.1,7.5,6.8,7.7,Não,7.5,10.0
Rede Decisão/União,ALUNO-743,1.0,J,Ametista,8.061,10.0,8.8,5.0,6.4,7.9,Não,8.7,10.0
Escola Pública,ALUNO-744,,,,,,,,,,,,
Escola Pública,ALUNO-745,,,,,,,,,,,,
Rede Decisão/União,ALUNO-746,2.0,G,Topázio,9.107,9.0,8.8,8.8,9.3,8.5,Sim,9.4,10.0
Escola Pública,ALUNO-747,4.0,E,Topázio,8.675,8.8,8.9,7.5,7.4,9.2,Sim,9.3,10.0
Escola Pública,ALUNO-748,0.0,Q,Ametista,7.985,10.0,10.0,7.5,6.4,7.8,Não,8.3,5.0
Escola Pública,ALUNO-749,4.0,G,Ágata,6.508,6.3,5.0,7.5,7.6,7.5,Não,6.8,5.0
Escola Pública,ALUNO-750,,,,,,,,,,,,
,ALUNO-751,,,,,,,,,,,,
,ALUNO-752,,,,,,,,,,,,
Escola Pública,ALUNO-753,4.0,E,Quartzo,4.785,8.3,2.5,7.5,0.8,7.2,Não,4.1,10.0
,ALUNO-754,,,,,,,,,,,,
Escola Pública,ALUNO-755,4.0,G,Ágata,6.872,7.1,4.7,6.9,6.8,7.8,Não,7.0,10.0
Escola Pública,ALUNO-756,,,,,,,,,,,,
Escola Pública,ALUNO-757,3.0,A,Quartzo,5.421,7.9,5.3,7.5,2.9,7.3,Não,5.1,5.0
Escola Pública,ALUNO-758,2.0,K,Ametista,6.983,8.5,5.4,7.5,6.5,8.3,Não,8.3,5.0
,ALUNO-759,,,,,,,,,,,,
Escola Pública,ALUNO-760,0.0,P,Ametista,7.360,8.0,5.8,7.5,6.8,7.8,Não,7.5,10.0
,ALUNO-761,,,,,,,,,,,,
,ALUNO-762,,,,,,,,,,,,
Escola Pública,ALUNO-763,1.0,F,Ágata,6.546,7.5,7.1,7.5,3.2,7.9,Não,8.5,5.0
,ALUNO-764,,,,,,,,,,,,
,ALUNO-765,,,,,,,,,,,,
Escola Pública,ALUNO-766,5.0,A,Ametista,7.440,9.2,7.5,7.5,6.5,7.8,Não,8.4,5.0
Escola Pública,ALUNO-767,,,,,,,,,,,,
Rede Decisão/União,ALUNO-768,3.0,G,Ametista,8.065,8.3,9.2,6.3,8.4,8.1,Não,8.9,5.0
Escola Pública,ALUNO-769,3.0,B,Topázio,8.401,9.6,7.2,7.5,8.5,7.7,Não,8.9,10.0
,ALUNO-770,,,,,,,,,,,,
,ALUNO-771,,,,,,,,,,,,
,ALUNO-772,,,,,,,,,,,,
Escola Pública,ALUNO-773,2.0,F,Topázio,8.921,9.5,10.0,7.5,8.9,9.8,Sim,9.8,5.0
,ALUNO-774,,,,,,,,,,,,
Escola Pública,ALUNO-775,2.0,A,Topázio,9.211,9.5,10.0,7.5,8.9,8.1,Sim,9.6,10.0
Escola Pública,ALUNO-776,3.0,R,Quartzo,5.424,7.9,4.2,7.5,3.9,6.9,Não,5.4,5.0
Escola Pública,ALUNO-777,2.0,D,Quartzo,5.500,8.0,3.8,7.5,4.3,7.5,Não,6.8,2.5
,ALUNO-778,,,,,,,,,,,,
Escola Pública,ALUNO-779,,,,,,,,,,,,
Escola Pública,ALUNO-780,,,,,,,,,,,,
Escola Pública,ALUNO-781,3.0,M,Quartzo,5.450,8.8,3.1,7.5,3.3,6.7,Não,4.4,10.0
Rede Decisão/União,ALUNO-782,,,,,,,,,,,,
Escola Pública,ALUNO-783,2.0,K,Ágata,6.118,7.5,4.6,7.5,3.6,8.3,Não,8.3,5.0
Rede Decisão,ALUNO-784,2.0,G,Topázio,8.533,9.5,9.2,8.8,7.9,8.5,Sim,9.7,5.0
Escola Pública,ALUNO-785,,,,,,,,,,,,
Escola Pública,ALUNO-786,5.0,F,Quartzo,5.341,7.1,6.1,5.0,3.3,7.2,Não,5.1,5.0
,ALUNO-787,,,,,,,,,,,,
,ALUNO-788,,,,,,,,,,,,
Escola Pública,ALUNO-789,,,,,,,,,,,,
Escola Pública,ALUNO-790,4.0,A,Topázio,8.650,10.0,8.3,7.5,7.5,8.8,Sim,9.3,10.0
,ALUNO-791,,,,,,,,,,,,
Escola Pública,ALUNO-792,2.0,I,Quartzo,5.531,6.3,5.8,5.0,4.1,7.5,Não,5.8,5.0
Escola Pública,ALUNO-793,1.0,E,Ágata,6.506,8.0,7.9,7.5,3.9,7.3,Não,6.8,5.0
Rede Decisão/União,ALUNO-794,3.0,L,Ametista,7.211,7.9,7.5,6.3,8.2,7.9,Não,8.1,2.5
Escola Pública,ALUNO-795,,,,,,,,,,,,
Escola Pública,ALUNO-796,4.0,E,Ágata,5.943,8.3,6.7,7.5,2.3,7.3,Não,4.2,10.0
Escola Pública,ALUNO-797,2.0,R,Quartzo,2.468,0.0,0.4,6.3,0.0,6.9,Não,4.1,2.5
Escola Pública,ALUNO-798,3.0,R,Ametista,7.250,9.2,7.5,7.5,6.5,7.5,Não,7.7,5.0
,ALUNO-799,,,,,,,,,,,,
,ALUNO-800,,,,,,,,,,,,
,ALUNO-801,,,,,,,,,,,,
Escola Pública,ALUNO-802,0.0,Q,Topázio,9.046,9.5,10.0,7.5,7.9,8.8,Sim,9.4,10.0
Escola Pública,ALUNO-803,0.0,K,Ametista,7.133,8.5,6.7,7.5,6.6,8.8,Não,7.5,5.0
,ALUNO-804,,,,,,,,,,,,
Escola Pública,ALUNO-805,1.0,J,Ametista,6.993,8.5,5.8,7.5,5.1,8.1,Não,6.9,10.0
,ALUNO-806,,,,,,,,,,,,
Escola Pública,ALUNO-807,1.0,E,Topázio,9.176,10.0,10.0,5.0,9.1,9.0,Sim,9.8,10.0
,ALUNO-808,,,,,,,,,,,,
Escola Pública,ALUNO-809,1.0,G,Quartzo,4.769,10.0,2.5,7.5,0.0,7.2,Não,6.5,5.0
,ALUNO-810,,,,,,,,,,,,
Rede Decisão/União,ALUNO-811,2.0,B,Ametista,7.196,8.0,8.3,7.5,6.3,7.5,Não,7.3,5.0
Escola Pública,ALUNO-812,0.0,Q,Ametista,8.075,10.0,10.0,7.5,7.1,7.5,Não,8.3,5.0
Escola Pública,ALUNO-813,2.0,F,Ametista,7.275,9.0,7.5,7.5,3.9,7.7,Não,7.8,10.0
Escola Pública,ALUNO-814,2.0,E,Ágata,6.231,7.9,5.0,7.5,4.4,7.9,Não,7.6,5.0
,ALUNO-815,,,,,,,,,,,,
,ALUNO-816,,,,,,,,,,,,
Escola Pública,ALUNO-817,2.0,C,Ametista,7.549,9.0,7.5,7.5,7.6,7.9,Sim,9.2,2.5
Escola Pública,ALUNO-818,0.0,O,Ametista,6.958,8.0,6.7,7.5,4.4,7.5,Não,7.3,10.0
,ALUNO-819,,,,,,,,,,,,
Rede Decisão/União,ALUNO-820,5.0,B,Ametista,8.073,8.8,6.1,7.5,8.2,8.6,Não,8.7,10.0
Escola Pública,ALUNO-821,,,,,,,,,,,,
Escola Pública,ALUNO-822,0.0,T,Topázio,8.758,9.5,10.0,7.5,6.6,8.1,Sim,9.7,10.0
Rede Decisão/União,ALUNO-823,2.0,N,Ametista,7.207,8.5,7.1,7.5,3.9,7.9,Não,8.1,10.0
Escola Pública,ALUNO-824,1.0,M,Ametista,7.760,9.0,10.0,7.5,4.9,8.1,Sim,9.1,5.0
Escola João Paulo II,ALUNO-825,3.0,M,Quartzo,4.286,7.9,2.8,6.3,1.2,6.3,Não,4.8,5.0
Escola Pública,ALUNO-826,2.0,L,Quartzo,4.186,0.0,2.5,7.5,1.0,7.9,Não,7.2,5.0
Escola Pública,ALUNO-827,0.0,S,Ágata,6.733,9.0,5.0,7.5,6.0,7.5,Não,8.2,5.0
Rede Decisão/União,ALUNO-828,5.0,L,Ametista,7.482,9.2,7.5,7.5,7.3,8.1,Não,7.7,5.0
Escola Pública,ALUNO-829,3.0,F,Ágata,6.418,10.0,3.9,7.5,3.6,7.3,Não,7.2,10.0
Rede Decisão/União,ALUNO-830,5.0,B,Topázio,8.506,10.0,7.8,7.5,7.9,8.8,Não,8.8,10.0
Escola Pública,ALUNO-831,1.0,M,Ametista,7.351,9.5,10.0,7.5,3.6,7.7,Não,8.3,5.0
,ALUNO-832,,,,,,,,,,,,
Escola Pública,ALUNO-833,0.0,K,Ágata,5.825,8.5,8.3,4.4,4.4,2.5,Não,6.2,5.0
Escola Pública,ALUNO-834,3.0,H,Quartzo,5.506,6.7,3.1,6.9,5.8,7.3,Não,5.7,5.0
Escola Pública,ALUNO-835,2.0,M,Quartzo,4.335,0.0,5.4,5.6,1.6,7.8,Não,5.4,5.0
,ALUNO-836,,,,,,,,,,,,
Escola Pública,ALUNO-837,,,,,,,,,,,,
Rede Decisão/União,ALUNO-838,6.0,A,Ágata,6.315,7.5,7.2,2.5,5.3,7.7,Não,5.2,10.0
,ALUNO-839,,,,,,,,,,,,
Escola Pública,ALUNO-840,0.0,K,Ágata,6.598,9.0,8.3,4.4,6.6,5.3,Não,6.2,5.0
,ALUNO-841,,,,,,,,,,,,
Escola Pública,ALUNO-842,,,,,,,,,,,,
Escola Pública,ALUNO-843,6.0,C,Ágata,6.644,7.1,7.2,5.6,7.3,6.9,Não,6.5,5.0
,ALUNO-844,,,,,,,,,,,,
Escola Pública,ALUNO-845,3.0,A,Ágata,5.683,8.8,4.4,4.4,4.5,6.0,Não,4.9,10.0
Escola Pública,ALUNO-846,,,,,,,,,,,,
,ALUNO-847,,,,,,,,,,,,
Escola Pública,ALUNO-848,2.0,M,Ágata,6.850,8.5,7.9,7.5,4.9,8.1,Não,6.8,5.0
Escola Pública,ALUNO-849,2.0,R,Ametista,7.444,7.5,8.3,8.1,4.6,7.9,Não,7.6,10.0
Rede Decisão/União,ALUNO-850,3.0,B,Ametista,8.151,9.2,7.5,7.5,6.6,8.1,Sim,9.3,10.0
Escola Pública,ALUNO-851,1.0,G,Ametista,7.713,9.5,9.6,7.5,4.8,8.1,Sim,9.2,5.0
,ALUNO-852,,,,,,,,,,,,
,ALUNO-853,,,,,,,,,,,,
,ALUNO-854,,,,,,,,,,,,
Escola Pública,ALUNO-855,2.0,L,Ágata,6.243,8.0,7.1,7.5,2.8,7.9,Não,7.1,5.0
,ALUNO-856,,,,,,,,,,,,
,ALUNO-857,,,,,,,,,,,,
Escola Pública,ALUNO-858,2.0,A,Topázio,8.586,9.5,10.0,7.5,6.2,7.7,Sim,9.4,10.0
,ALUNO-859,,,,,,,,,,,,
Escola Pública,ALUNO-860,3.0,C,Ametista,7.069,8.8,5.0,7.5,7.2,8.3,Não,8.4,5.0
Escola Pública,ALUNO-861,3.0,J,Ametista,7.724,9.2,8.3,7.5,7.7,7.7,Não,7.9,5.0
Escola Pública,ALUNO-862,1.0,J,Ametista,7.990,9.0,9.6,7.5,6.5,8.1,Sim,9.1,5.0
,ALUNO-863,,,,,,,,,,,,
,ALUNO-864,,,,,,,,,,,,
Escola Pública,ALUNO-865,0.0,T,Topázio,8.396,9.5,10.0,7.5,7.3,8.1,Sim,9.7,5.0
Escola Pública,ALUNO-866,1.0,A,Topázio,8.846,8.5,10.0,7.5,8.4,7.7,Sim,9.0,10.0
Escola Pública,ALUNO-867,1.0,E,Quartzo,4.088,0.0,2.1,8.1,1.7,6.9,Não,6.7,5.0
Escola Pública,ALUNO-868,0.0,Q,Ametista,8.081,9.0,8.3,7.5,7.0,7.8,Não,7.9,10.0
,ALUNO-869,,,,,,,,,,,,
,ALUNO-870,,,,,,,,,,,,
Escola Pública,ALUNO-871,0.0,P,Ágata,6.258,8.5,6.7,7.5,2.9,7.5,Não,7.5,5.0
Rede Decisão/União,ALUNO-872,3.0,L,Quartzo,4.451,6.7,2.2,5.0,2.9,5.2,Não,3.7,10.0
Escola Pública,ALUNO-873,1.0,J,Ágata,5.864,10.0,5.8,7.5,1.5,7.9,Não,6.8,5.0
Rede Decisão/União,ALUNO-874,5.0,L,Ágata,6.192,7.1,6.7,6.9,2.7,7.2,Não,6.1,10.0
Escola Pública,ALUNO-875,0.0,O,Ametista,8.069,8.0,10.0,7.5,7.1,8.4,Não,8.8,5.0
,ALUNO-876,,,,,,,,,,,,
Escola Pública,ALUNO-877,2.0,M,Ágata,6.379,7.4,7.5,7.5,1.9,8.1,Não,8.5,5.0
Escola Pública,ALUNO-878,0.0,J,Ametista,7.083,9.0,6.7,7.5,6.7,5.6,Não,8.5,5.0
,ALUNO-879,,,,,,,,,,,,
Escola Pública,ALUNO-880,,,,,,,,,,,,
,ALUNO-881,,,,,,,,,,,,
,ALUNO-882,,,,,,,,,,,,
,ALUNO-883,,,,,,,,,,,,
Escola Pública,ALUNO-884,5.0,B,Quartzo,4.511,7.9,3.9,0.0,2.1,7.5,Não,6.4,5.0
Escola Pública,ALUNO-885,1.0,J,Ametista,7.772,10.0,8.3,7.5,3.9,8.1,Não,8.8,10.0
Escola Pública,ALUNO-886,0.0,Q,Topázio,8.544,9.5,10.0,7.5,7.1,7.8,Não,8.3,10.0
,ALUNO-887,,,,,,,,,,,,
Escola Pública,ALUNO-888,,,,,,,,,,,,
Escola Pública,ALUNO-889,2.0,D,Ametista,7.933,8.5,8.3,7.5,8.3,7.5,Não,8.8,5.0
Escola Pública,ALUNO-890,3.0,R,Ágata,6.058,10.0,5.3,7.5,2.3,7.2,Não,5.4,10.0
,ALUNO-891,,,,,,,,,,,,
Escola Pública,ALUNO-892,1.0,G,Ametista,7.411,7.0,9.6,5.6,6.9,8.3,Não,7.6,5.0
,ALUNO-893,,,,,,,,,,,,
Escola Pública,ALUNO-894,,,,,,,,,,,,
,ALUNO-895,,,,,,,,,,,,
,ALUNO-896,,,,,,,,,,,,
Escola Pública,ALUNO-897,3.0,M,Quartzo,5.135,7.9,3.3,6.9,4.3,6.7,Não,4.8,5.0
Escola Pública,ALUNO-898,,,,,,,,,,,,
Escola Pública,ALUNO-899,2.0,D,Ametista,8.092,8.0,7.1,7.5,7.9,7.5,Sim,9.0,10.0
Escola Pública,ALUNO-900,3.0,D,Ágata,5.835,7.9,5.6,7.5,5.4,7.3,Não,4.4,5.0
,ALUNO-901,,,,,,,,,,,,
Escola Pública,ALUNO-902,0.0,I,Ametista,7.273,8.5,10.0,7.5,5.4,7.8,Não,6.6,5.0
Escola Pública,ALUNO-903,1.0,M,Topázio,9.069,9.0,10.0,7.5,8.3,8.1,Sim,9.7,10.0
Escola Pública,ALUNO-904,4.0,A,Ametista,7.144,9.2,5.6,7.5,5.9,7.5,Não,7.2,10.0
Escola Pública,ALUNO-905,0.0,M,Ágata,6.133,9.5,5.8,7.5,3.5,7.5,Não,6.6,5.0
Rede Decisão/União,ALUNO-906,5.0,A,Topázio,8.632,9.6,9.2,7.5,6.8,7.7,Sim,9.9,10.0
Escola Pública,ALUNO-907,2.0,P,Quartzo,5.364,0.0,3.8,7.5,3.1,7.3,Não,7.6,10.0
Escola Pública,ALUNO-908,,,,,,,,,,,,
Escola Pública,ALUNO-909,2.0,H,Ágata,6.082,9.5,5.4,7.5,3.1,7.3,Não,7.2,5.0
Escola Pública,ALUNO-910,6.0,C,Ágata,6.772,8.8,7.8,7.5,5.0,7.5,Não,6.7,5.0
Escola Pública,ALUNO-911,4.0,A,Ágata,6.239,6.7,6.9,5.0,5.1,7.5,Não,7.0,5.0
Escola Pública,ALUNO-912,,,,,,,,,,,,
,ALUNO-913,,,,,,,,,,,,
Escola Pública,ALUNO-914,2.0,C,Quartzo,5.061,0.0,2.9,7.5,4.6,7.7,Não,7.7,5.0
,ALUNO-915,,,,,,,,,,,,
Rede Decisão/União,ALUNO-916,4.0,G,Topázio,8.866,8.3,9.7,7.5,7.8,9.2,Sim,9.3,10.0
FIAP,ALUNO-917,,,,,,,,,,,,
,ALUNO-918,,,,,,,,,,,,
Escola Pública,ALUNO-919,6.0,A,Ágata,6.517,7.5,3.9,7.5,5.5,7.8,Não,6.8,10.0
Rede Decisão/União,ALUNO-920,,,,,,,,,,,,
,ALUNO-921,,,,,,,,,,,,
Escola Pública,ALUNO-922,2.0,E,Ametista,7.475,8.5,6.7,6.3,5.6,8.5,Não,8.5,10.0
Escola Pública,ALUNO-923,0.0,M,Ágata,5.910,8.0,8.3,5.0,3.9,6.6,Não,5.0,5.0
,ALUNO-924,,,,,,,,,,,,
,ALUNO-925,,,,,,,,,,,,
Escola Pública,ALUNO-926,2.0,I,Ametista,7.219,9.0,7.9,5.0,6.9,7.5,Não,8.1,5.0
Escola Pública,ALUNO-927,1.0,J,Ametista,7.247,7.4,8.8,7.5,4.7,8.1,Não,8.8,5.0
Escola Pública,ALUNO-928,,,,,,,,,,,,
Escola Pública,ALUNO-929,,,,,,,,,,,,
Escola Pública,ALUNO-930,5.0,A,Topázio,8.355,10.0,8.3,7.5,9.0,8.0,Sim,9.3,5.0
Escola Pública,ALUNO-931,1.0,G,Ametista,7.757,8.5,9.6,6.9,6.6,8.3,Não,8.2,5.0
Escola Pública,ALUNO-932,3.0,B,Ametista,7.289,10.0,5.8,7.5,6.4,7.1,Não,6.9,10.0
,ALUNO-933,,,,,,,,,,,,
,ALUNO-934,,,,,,,,,,,,
Escola Pública,ALUNO-935,,,,,,,,,,,,
,ALUNO-936,,,,,,,,,,,,
Escola Pública,ALUNO-937,2.0,G,Topázio,8.581,10.0,8.3,7.5,8.3,8.1,Não,8.4,10.0
Escola Pública,ALUNO-938,3.0,G,Ágata,6.883,8.8,7.5,6.3,6.0,7.9,Não,7.0,5.0
Escola Pública,ALUNO-939,3.0,D,Ágata,6.469,9.2,5.0,4.4,7.4,9.1,Não,6.2,5.0
Escola Pública,ALUNO-940,1.0,C,Ágata,6.557,8.5,8.3,7.5,2.9,7.9,Não,7.1,5.0
,ALUNO-941,,,,,,,,,,,,
Escola Pública,ALUNO-942,,,,,,,,,,,,
Escola Pública,ALUNO-943,,,,,,,,,,,,
Escola Pública,ALUNO-944,3.0,F,Quartzo,4.625,9.2,4.7,5.6,1.3,7.3,Não,3.6,5.0
Escola Pública,ALUNO-945,3.0,D,Ametista,7.747,8.8,6.4,7.5,9.0,8.3,Não,8.6,5.0
Escola Pública,ALUNO-946,3.0,M,Ametista,7.542,7.9,6.1,7.5,7.1,7.5,Não,8.1,10.0
Escola Pública,ALUNO-947,1.0,F,Ametista,7.310,8.5,8.8,7.5,5.1,8.1,Não,8.1,5.0
Escola Pública,ALUNO-948,3.0,C,Ametista,6.908,8.3,6.4,7.5,6.2,7.5,Não,7.8,5.0
,ALUNO-949,,,,,,,,,,,,
Rede Decisão/União,ALUNO-950,,,,,,,,,,,,
Escola Pública,ALUNO-951,6.0,A,Ametista,7.233,8.3,7.2,7.5,7.0,8.0,Não,7.6,5.0
,ALUNO-952,,,,,,,,,,,,
UNISA,ALUNO-953,,,,,,,,,,,,
,ALUNO-954,,,,,,,,,,,,
,ALUNO-955,,,,,,,,,,,,
Escola Pública,ALUNO-956,0.0,P,Ametista,7.604,9.0,7.5,7.5,5.9,7.5,Não,7.6,10.0
Escola Pública,ALUNO-957,2.0,N,Ametista,7.440,7.5,7.5,7.5,5.3,8.1,Não,7.9,10.0
Rede Decisão/União,ALUNO-958,4.0,G,Ametista,7.494,7.1,8.1,6.9,7.6,8.1,Não,8.3,5.0
Escola Pública,ALUNO-959,1.0,N,Ametista,8.064,9.0,10.0,7.5,6.1,8.1,Sim,9.4,5.0
,ALUNO-960,,,,,,,,,,,,
Escola Pública,ALUNO-961,2.0,N,Ametista,7.261,9.5,7.5,6.3,4.2,7.7,Não,7.9,10.0
Rede Decisão/União,ALUNO-962,,,,,,,,,,,,
Escola Pública,ALUNO-963,1.0,G,Ametista,7.885,7.0,9.6,7.5,7.3,8.1,Não,8.8,5.0
Escola Pública,ALUNO-964,2.0,G,Ágata,6.029,0.0,5.4,7.5,6.3,8.3,Não,8.0,5.0
Escola Pública,ALUNO-965,3.0,C,Ametista,7.239,8.8,6.1,7.5,5.0,7.5,Não,8.2,10.0
Escola Pública,ALUNO-966,0.0,K,Quartzo,3.300,8.0,0.0,7.5,0.0,2.5,Não,5.0,5.0
,ALUNO-967,,,,,,,,,,,,
Escola Pública,ALUNO-968,,,,,,,,,,,,
Escola Pública,ALUNO-969,0.0,J,Topázio,8.596,9.5,10.0,7.5,7.7,8.8,Sim,9.9,5.0
Escola Pública,ALUNO-970,,,,,,,,,,,,
,ALUNO-971,,,,,,,,,,,,
Escola Pública,ALUNO-972,0.0,R,Topázio,8.254,9.5,10.0,7.5,6.6,8.1,Sim,9.6,5.0
Escola Pública,ALUNO-973,1.0,N,Ágata,5.933,6.3,7.9,6.3,2.7,6.9,Não,6.8,5.0
,ALUNO-974,,,,,,,,,,,,
,ALUNO-975,,,,,,,,,,,,
,ALUNO-976,,,,,,,,,,,,
Escola Pública,ALUNO-977,1.0,B,Ágata,6.249,9.0,7.1,7.5,5.4,5.8,Não,5.1,5.0
,ALUNO-978,,,,,,,,,,,,
,ALUNO-979,,,,,,,,,,,,
,ALUNO-980,,,,,,,,,,,,
,ALUNO-981,,,,,,,,,,,,
,ALUNO-982,,,,,,,,,,,,
Rede Decisão/União,ALUNO-983,3.0,L,Topázio,8.296,7.9,7.5,7.5,7.2,8.5,Sim,9.8,10.0
Escola Pública,ALUNO-984,1.0,G,Quartzo,4.081,9.5,0.4,7.5,1.1,7.2,Não,4.3,5.0
,ALUNO-985,,,,,,,,,,,,
Escola Pública,ALUNO-986,4.0,F,Ágata,6.427,8.8,6.4,1.9,6.3,8.3,Não,7.5,5.0
Escola Pública,ALUNO-987,0.0,L,Ametista,7.965,9.0,8.3,7.5,6.1,7.2,Não,8.6,10.0
,ALUNO-988,,,,,,,,,,,,
Escola Pública,ALUNO-989,2.0,P,Quartzo,5.207,0.0,3.3,7.5,5.8,7.5,Não,6.9,5.0
,ALUNO-990,,,,,,,,,,,,
Escola Pública,ALUNO-991,2.0,N,Ametista,7.107,9.0,5.4,7.5,5.2,7.9,Não,7.7,10.0
Escola Pública,ALUNO-992,,,,,,,,,,,,
Rede Decisão/União,ALUNO-993,5.0,F,Ágata,6.050,5.4,3.6,5.0,6.6,7.0,Não,6.3,10.0
Escola Pública,ALUNO-994,2.0,H,Ametista,7.604,9.5,7.5,7.5,7.4,7.5,Não,8.3,5.0
Escola Pública,ALUNO-995,1.0,F,Ágata,5.751,8.0,5.8,7.5,0.9,7.7,Não,7.9,5.0
Rede Decisão/União,ALUNO-996,2.0,G,Ametista,6.892,9.0,5.8,7.5,5.6,7.3,Não,6.2,10.0
Escola Pública,ALUNO-997,2.0,A,Topázio,8.767,8.5,10.0,5.0,8.6,7.9,Sim,9.5,10.0
,ALUNO-998,,,,,,,,,,,,
Rede Decisão/União,ALUNO-999,3.0,G,Ágata,6.858,7.9,6.1,4.4,6.4,6.9,Não,7.2,10.0
,ALUNO-1000,,,,,,,,,,,,
Escola Pública,ALUNO-1001,0.0,K,Topázio,8.931,9.5,10.0,7.5,6.9,8.4,Sim,10.0,10.0
Escola Pública,ALUNO-1002,3.0,J,Ametista,7.693,8.8,8.3,7.5,7.5,7.7,Não,8.1,5.0
Escola Pública,ALUNO-1003,,,,,,,,,,,,
Escola Pública,ALUNO-1004,0.0,I,Ametista,7.506,10.0,10.0,6.9,6.4,7.8,Não,6.3,5.0
,ALUNO-1005,,,,,,,,,,,,
Escola Pública,ALUNO-1006,,,,,,,,,,,,
Escola Pública,ALUNO-1007,2.0,P,Quartzo,3.752,0.0,1.7,7.5,0.8,7.2,Não,6.5,5.0
,ALUNO-1008,,,,,,,,,,,,
Escola Pública,ALUNO-1009,0.0,S,Ametista,7.400,7.0,10.0,7.5,6.3,2.5,Não,7.2,10.0
Escola Pública,ALUNO-1010,1.0,B,Ametista,7.449,8.0,10.0,7.5,5.2,7.5,Não,8.1,5.0
,ALUNO-1011,,,,,,,,,,,,
Escola Pública,ALUNO-1012,,,,,,,,,,,,
Escola Pública,ALUNO-1013,2.0,M,Ametista,7.292,9.0,7.9,7.5,6.1,8.1,Não,7.7,5.0
Escola Pública,ALUNO-1014,1.0,N,Ametista,7.636,9.0,8.3,7.5,6.3,8.1,Não,8.7,5.0
Escola Pública,ALUNO-1015,3.0,J,Topázio,8.475,9.6,8.9,7.5,6.9,7.9,Sim,9.1,10.0
Escola Pública,ALUNO-1016,2.0,H,Quartzo,4.946,9.0,0.8,7.5,1.1,7.5,Não,8.3,5.0
Rede Decisão/União,ALUNO-1017,3.0,J,Ametista,7.844,8.8,7.2,7.5,5.8,7.9,Sim,9.2,10.0
Escola Pública,ALUNO-1018,,,,,,,,,,,,
Escola Pública,ALUNO-1019,,,,,,,,,,,,
FIAP,ALUNO-1020,,,,,,,,,,,,
Escola Pública,ALUNO-1021,,,,,,,,,,,,
Escola Pública,ALUNO-1022,1.0,F,Ametista,7.219,9.0,9.2,7.5,1.9,7.7,Não,7.9,10.0
Escola Pública,ALUNO-1023,0.0,O,Ametista,7.896,9.0,10.0,7.5,5.8,7.5,Sim,9.2,5.0
Escola Pública,ALUNO-1024,,,,,,,,,,,,
,ALUNO-1025,,,,,,,,,,,,
Escola Pública,ALUNO-1026,3.0,B,Ametista,7.008,9.6,6.1,7.5,5.6,7.1,Não,6.2,10.0
Rede Decisão/União,ALUNO-1027,6.0,C,Ágata,5.672,7.5,3.9,0.0,6.8,7.1,Não,5.4,10.0
Escola Pública,ALUNO-1028,2.0,D,Ametista,6.917,8.4,5.4,7.5,7.1,7.5,Não,7.8,5.0
Escola Pública,ALUNO-1029,2.0,P,Topázio,8.782,9.0,7.9,7.5,8.4,9.2,Sim,9.7,10.0
,ALUNO-1030,,,,,,,,,,,,
Escola Pública,ALUNO-1031,1.0,B,Topázio,8.863,9.5,10.0,7.5,8.1,7.5,Sim,9.0,10.0
Escola Pública,ALUNO-1032,1.0,R,Ametista,7.451,10.0,8.3,7.5,5.1,8.5,Não,8.3,5.0
,ALUNO-1033,,,,,,,,,,,,
Escola Pública,ALUNO-1034,2.0,M,Ametista,7.679,8.0,9.2,7.5,5.8,8.3,Sim,9.0,5.0
Escola Pública,ALUNO-1035,1.0,C,Ametista,7.718,9.5,7.9,6.9,6.0,8.8,Sim,9.6,5.0
Escola Pública,ALUNO-1036,,,,,,,,,,,,
,ALUNO-1037,,,,,,,,,,,,
Escola Pública,ALUNO-1038,4.0,F,Ágata,6.619,8.3,6.1,0.0,6.5,8.0,Não,7.3,10.0
,ALUNO-1039,,,,,,,,,,,,
,ALUNO-1040,,,,,,,,,,,,
Escola Pública,ALUNO-1041,,,,,,,,,,,,
,ALUNO-1042,,,,,,,,,,,,
Escola Pública,ALUNO-1043,0.0,M,Topázio,8.367,9.5,10.0,7.5,6.8,7.5,Não,7.8,10.0
Escola Pública,ALUNO-1044,0.0,L,Topázio,8.250,9.0,10.0,7.5,5.5,7.5,Não,8.8,10.0
,ALUNO-1045,,,,,,,,,,,,
Escola Pública,ALUNO-1046,,,,,,,,,,,,
Escola Pública,ALUNO-1047,,,,,,,,,,,,
,ALUNO-1048,,,,,,,,,,,,
Escola Pública,ALUNO-1049,1.0,R,Ametista,7.457,7.9,8.8,7.5,6.0,8.5,Não,8.1,5.0
Escola Pública,ALUNO-1050,0.0,R,Topázio,8.788,10.0,10.0,7.5,6.9,7.5,Sim,9.5,10.0
Escola Pública,ALUNO-1051,3.0,F,Quartzo,3.599,0.0,1.7,7.5,1.3,6.9,Não,2.9,10.0
,ALUNO-1052,,,,,,,,,,,,
,ALUNO-1053,,,,,,,,,,,,
,ALUNO-1054,,,,,,,,,,,,
Escola Pública,ALUNO-1055,3.0,F,Ágata,6.421,7.5,4.7,5.0,4.7,7.7,Não,7.6,10.0
Escola Pública,ALUNO-1056,,,,,,,,,,,,
Escola Pública,ALUNO-1057,3.0,L,Ametista,7.494,8.3,5.6,7.5,5.8,8.3,Sim,9.0,10.0
,ALUNO-1058,,,,,,,,,,,,
,ALUNO-1059,,,,,,,,,,,,
,ALUNO-1060,,,,,,,,,,,,
Escola Pública,ALUNO-1061,,,,,,,,,,,,
,ALUNO-1062,,,,,,,,,,,,
Escola Pública,ALUNO-1063,0.0,S,Quartzo,4.900,9.5,0.0,7.5,2.3,7.5,Não,7.5,5.0
Escola Pública,ALUNO-1064,0.0,N,Ágata,6.817,10.0,10.0,0.0,6.3,5.0,Não,7.8,5.0
Escola Pública,ALUNO-1065,0.0,R,Ametista,8.000,9.5,10.0,7.5,7.0,7.5,Não,8.3,5.0
Escola Pública,ALUNO-1066,3.0,M,Ágata,6.540,6.7,4.7,7.5,5.8,7.3,Não,6.5,10.0
Escola Pública,ALUNO-1067,1.0,E,Topázio,8.544,9.5,10.0,7.5,8.1,8.8,Sim,9.2,5.0
Escola Pública,ALUNO-1068,6.0,A,Ametista,7.501,9.2,8.6,7.5,6.8,8.1,Não,7.2,5.0
,ALUNO-1069,,,,,,,,,,,,
Escola Pública,ALUNO-1070,1.0,E,Ametista,7.758,9.5,9.6,7.5,5.4,8.3,Não,8.7,5.0
Escola Pública,ALUNO-1071,2.0,A,Ametista,7.194,9.5,7.1,7.5,5.7,7.3,Não,8.6,5.0
Escola Pública,ALUNO-1072,3.0,C,Ametista,7.033,9.2,5.3,7.5,4.6,7.5,Não,8.2,10.0
Escola Pública,ALUNO-1073,1.0,B,Ametista,6.914,8.5,8.3,7.5,5.4,7.5,Não,6.6,5.0
,ALUNO-1074,,,,,,,,,,,,
Rede Decisão/União,ALUNO-1075,5.0,A,Ametista,7.859,7.5,7.2,7.5,6.3,7.8,Sim,9.4,10.0
,ALUNO-1076,,,,,,,,,,,,
Escola Pública,ALUNO-1077,,,,,,,,,,,,
Escola Pública,ALUNO-1078,2.0,R,Quartzo,4.450,9.0,1.7,8.1,0.0,7.7,Não,5.7,5.0
Escola Pública,ALUNO-1079,,,,,,,,,,,,
,ALUNO-1080,,,,,,,,,,,,
Escola Pública,ALUNO-1081,,,,,,,,,,,,
,ALUNO-1082,,,,,,,,,,,,
Escola Pública,ALUNO-1083,2.0,E,Quartzo,3.498,0.0,2.9,5.0,0.0,7.8,Não,5.7,5.0
Escola Pública,ALUNO-1084,1.0,F,Ametista,7.954,8.0,9.6,6.9,5.6,7.9,Não,8.2,10.0
Escola Pública,ALUNO-1085,4.0,L,Ágata,6.234,8.8,7.5,7.5,3.9,7.3,Não,5.5,5.0
Escola Pública,ALUNO-1086,0.0,O,Ametista,7.746,7.9,10.0,7.5,6.2,7.5,Não,8.6,5.0
Escola Pública,ALUNO-1087,2.0,M,Ametista,7.329,8.5,8.8,7.5,5.0,8.1,Não,8.3,5.0
Escola Pública,ALUNO-1088,,,,,,,,,,,,
Escola Pública,ALUNO-1089,1.0,G,Ágata,5.653,9.0,2.9,7.5,3.6,7.5,Não,7.2,5.0
Escola Pública,ALUNO-1090,1.0,M,Ametista,7.179,8.5,8.8,7.5,3.7,7.9,Sim,9.0,5.0
,ALUNO-1091,,,,,,,,,,,,
Escola Pública,ALUNO-1092,,,,,,,,,,,,
Rede Decisão/União,ALUNO-1093,6.0,A,Ametista,7.225,7.9,7.2,7.5,5.4,8.0,Não,6.8,10.0
Escola Pública,ALUNO-1094,,,,,,,,,,,,
Escola Pública,ALUNO-1095,1.0,C,Topázio,9.294,10.0,9.2,8.1,8.9,9.2,Sim,9.7,10.0
Rede Decisão,ALUNO-1096,3.0,B,Topázio,8.814,10.0,8.9,7.5,7.5,8.3,Sim,9.7,10.0
Rede Decisão/União,ALUNO-1097,,,,,,,,,,,,
Escola Pública,ALUNO-1098,0.0,L,Topázio,8.313,10.0,10.0,7.5,5.3,7.5,Não,8.8,10.0
Escola Pública,ALUNO-1099,1.0,F,Topázio,8.331,10.0,9.6,6.3,5.9,8.1,Não,8.9,10.0
FIAP,ALUNO-1100,,,,,,,,,,,,
,ALUNO-1101,,,,,,,,,,,,
,ALUNO-1102,,,,,,,,,,,,
Escola Pública,ALUNO-1103,2.0,G,Quartzo,4.000,0.0,2.9,5.6,3.3,6.0,Não,5.5,5.0
Escola Pública,ALUNO-1104,1.0,N,Ametista,6.889,9.5,7.9,7.5,3.6,7.9,Não,7.9,5.0
Escola Pública,ALUNO-1105,2.0,D,Ágata,6.621,9.5,6.3,6.3,5.5,7.3,Não,7.3,5.0
Escola Pública,ALUNO-1106,,,,,,,,,,,,
Escola Pública,ALUNO-1107,2.0,B,Ametista,8.217,10.0,9.6,7.5,8.0,7.5,Não,8.5,5.0
,ALUNO-1108,,,,,,,,,,,,
,ALUNO-1109,,,,,,,,,,,,
Escola Pública,ALUNO-1110,2.0,A,Ágata,6.871,9.0,5.4,7.5,5.1,6.5,Não,7.3,10.0
,ALUNO-1111,,,,,,,,,,,,
Escola Pública,ALUNO-1112,7.0,A,Ametista,7.242,8.3,7.2,6.3,6.5,7.8,Não,6.3,10.0
,ALUNO-1113,,,,,,,,,,,,
Escola Pública,ALUNO-1114,3.0,M,Ágata,6.376,7.5,4.4,7.5,6.5,6.9,Não,5.0,10.0
Escola Pública,ALUNO-1115,1.0,E,Quartzo,3.638,0.0,1.7,6.9,0.4,7.1,Não,6.7,5.0
,ALUNO-1116,,,,,,,,,,,,
Escola Pública,ALUNO-1117,0.0,N,Ametista,7.129,9.5,8.3,0.0,6.8,7.5,Não,7.0,10.0
,ALUNO-1118,,,,,,,,,,,,
Escola Pública,ALUNO-1119,2.0,A,Ametista,7.383,10.0,5.8,7.5,5.6,7.1,Não,8.2,10.0
,ALUNO-1120,,,,,,,,,,,,
,ALUNO-1121,,,,,,,,,,,,
Escola Pública,ALUNO-1122,4.0,L,Ametista,7.906,8.8,5.8,7.5,8.4,7.8,Não,8.3,10.0
Rede Decisão/União,ALUNO-1123,4.0,G,Ametista,7.634,7.5,8.6,6.3,7.5,8.3,Não,8.5,5.0
Escola Pública,ALUNO-1124,4.0,F,Ametista,7.264,7.9,8.6,5.6,6.0,8.1,Não,8.4,5.0
,ALUNO-1125,,,,,,,,,,,,
Escola Pública,ALUNO-1126,3.0,G,Quartzo,5.047,7.1,3.3,7.5,4.0,6.7,Não,4.8,5.0
Escola Pública,ALUNO-1127,3.0,A,Ametista,7.547,9.2,7.8,6.3,5.5,7.9,Não,7.8,10.0
Rede Decisão/União,ALUNO-1128,4.0,F,Ametista,7.961,9.2,8.9,5.0,8.1,8.8,Não,8.9,5.0
Rede Decisão/União,ALUNO-1129,2.0,I,Ametista,7.261,6.8,7.9,6.9,4.6,7.7,Não,8.1,10.0
Escola Pública,ALUNO-1130,2.0,N,Topázio,9.107,10.0,10.0,7.5,9.5,9.8,Sim,9.9,5.0
Escola Pública,ALUNO-1131,3.0,M,Ágata,5.774,7.1,5.6,7.5,4.1,6.9,Não,6.0,5.0
Rede Decisão/União,ALUNO-1132,7.0,A,Ametista,7.584,7.1,8.6,7.5,8.0,8.3,Não,7.4,5.0
Escola Pública,ALUNO-1133,,,,,,,,,,,,
Escola Pública,ALUNO-1134,,,,,,,,,,,,
,ALUNO-1135,,,,,,,,,,,,
Escola Pública,ALUNO-1136,4.0,E,Topázio,8.292,8.8,9.2,7.5,8.2,8.8,Sim,9.1,5.0
UNISA,ALUNO-1137,,,,,,,,,,,,
,ALUNO-1138,,,,,,,,,,,,
Escola Pública,ALUNO-1139,3.0,C,Ágata,6.497,8.8,5.8,7.5,5.0,7.5,Não,7.3,5.0
Escola Pública,ALUNO-1140,5.0,B,Ágata,6.545,7.5,6.1,7.5,5.5,7.8,Não,7.2,5.0
Escola Pública,ALUNO-1141,2.0,P,Ametista,6.969,7.4,5.0,7.5,6.9,8.1,Não,8.9,5.0
Escola Pública,ALUNO-1142,,,,,,,,,,,,
Escola Pública,ALUNO-1143,0.0,O,Ametista,7.154,8.5,10.0,3.8,6.3,7.5,Não,7.1,5.0
,ALUNO-1144,,,,,,,,,,,,
Escola Pública,ALUNO-1145,,,,,,,,,,,,
Escola Pública,ALUNO-1146,3.0,A,Ametista,7.775,9.6,7.2,7.5,6.1,7.5,Não,8.3,10.0
Escola Pública,ALUNO-1147,5.0,L,Ametista,8.181,9.6,8.1,7.5,8.9,8.8,Não,8.6,5.0
Escola Pública,ALUNO-1148,,,,,,,,,,,,
Escola Pública,ALUNO-1149,0.0,P,Ágata,5.825,9.0,4.2,7.5,5.4,5.0,Não,6.3,5.0
Escola Pública,ALUNO-1150,1.0,G,Ametista,7.318,8.0,8.8,7.5,5.8,8.3,Não,7.6,5.0
Escola Pública,ALUNO-1151,3.0,L,Ágata,5.931,0.0,5.3,7.5,7.8,7.9,Não,6.3,5.0
,ALUNO-1152,,,,,,,,,,,,
,ALUNO-1153,,,,,,,,,,,,
,ALUNO-1154,,,,,,,,,,,,
Escola Pública,ALUNO-1155,0.0,R,Topázio,9.048,9.5,10.0,7.5,7.7,8.4,Sim,9.8,10.0
Escola Pública,ALUNO-1156,4.0,A,Ágata,6.730,8.8,5.3,5.6,6.5,7.0,Não,6.2,10.0
Escola Pública,ALUNO-1157,0.0,R,Ametista,7.629,7.5,6.7,7.5,7.1,7.5,Não,8.2,10.0
UNISA,ALUNO-1158,,,,,,,,,,,,
Escola Pública,ALUNO-1159,5.0,L,Ametista,8.014,8.8,8.3,7.5,8.6,8.3,Não,8.4,5.0
Escola Pública,ALUNO-1160,4.0,A,Ametista,7.130,7.9,5.8,7.5,5.8,8.0,Não,7.4,10.0
Escola Pública,ALUNO-1161,3.0,L,Ágata,6.458,7.9,6.1,3.8,6.9,5.8,Não,8.1,5.0
,ALUNO-1162,,,,,,,,,,,,
,ALUNO-1163,,,,,,,,,,,,
Escola Pública,ALUNO-1164,0.0,S,Ágata,6.571,9.0,5.0,7.5,6.2,7.5,Não,7.2,5.0
Escola Pública,ALUNO-1165,3.0,F,Ametista,7.765,7.9,8.6,7.5,7.2,7.7,Não,8.9,5.0
Escola Pública,ALUNO-1166,2.0,E,Quartzo,3.979,0.0,2.1,6.9,3.5,5.4,Não,5.7,5.0
Escola Pública,ALUNO-1167,2.0,G,Ágata,6.294,10.0,6.3,7.5,1.8,6.9,Não,6.2,10.0
Escola Pública,ALUNO-1168,1.0,M,Ametista,8.104,9.5,9.6,7.5,6.9,8.1,Sim,9.0,5.0
,ALUNO-1169,,,,,,,,,,,,
Escola Pública,ALUNO-1170,1.0,E,Quartzo,4.275,9.5,1.3,8.1,0.0,7.3,Não,5.2,5.0
Escola Pública,ALUNO-1171,3.0,F,Topázio,9.025,8.8,8.9,6.3,9.2,9.2,Sim,9.9,10.0
Escola Pública,ALUNO-1172,,,,,,,,,,,,
Escola Pública,ALUNO-1173,,,,,,,,,,,,
Escola Pública,ALUNO-1174,6.0,C,Ágata,6.775,8.3,7.2,3.8,6.0,6.7,Não,6.3,10.0
Escola Pública,ALUNO-1175,1.0,J,Ágata,5.915,8.0,6.3,7.5,2.2,8.4,Não,6.7,5.0
Escola Pública,ALUNO-1176,5.0,B,Ametista,8.003,9.2,6.9,8.1,8.5,8.4,Sim,9.3,5.0
,ALUNO-1177,,,,,,,,,,,,
Escola Pública,ALUNO-1178,,,,,,,,,,,,
,ALUNO-1179,,,,,,,,,,,,
,ALUNO-1180,,,,,,,,,,,,
Escola Pública,ALUNO-1181,1.0,F,Ametista,7.961,9.0,9.6,5.6,7.6,8.1,Não,8.7,5.0
Escola Pública,ALUNO-1182,0.0,L,Ametista,7.006,7.4,8.3,7.5,4.4,6.6,Não,6.6,10.0
Escola Pública,ALUNO-1183,1.0,B,Ametista,7.614,8.5,9.2,7.5,6.4,7.5,Não,8.3,5.0
,ALUNO-1184,,,,,,,,,,,,
,ALUNO-1185,,,,,,,,,,,,
,ALUNO-1186,,,,,,,,,,,,
Escola Pública,ALUNO-1187,,,,,,,,,,,,
Escola Pública,ALUNO-1188,,,,,,,,,,,,
UNISA,ALUNO-1189,,,,,,,,,,,,
Escola Pública,ALUNO-1190,2.0,M,Ametista,7.554,8.5,8.8,7.5,6.1,8.1,Não,8.3,5.0
Rede Decisão/União,ALUNO-1191,3.0,A,Quartzo,4.615,7.5,2.5,4.4,1.9,7.1,Não,4.2,10.0
,ALUNO-1192,,,,,,,,,,,,
Escola Pública,ALUNO-1193,,,,,,,,,,,,
,ALUNO-1194,,,,,,,,,,,,
Escola Pública,ALUNO-1195,3.0,B,Topázio,8.322,9.2,8.6,7.5,7.4,7.9,Não,8.3,10.0
Escola Pública,ALUNO-1196,7.0,A,Ametista,7.892,9.2,6.9,7.5,6.1,8.3,Não,9.0,10.0
Rede Decisão/União,ALUNO-1197,7.0,A,Ametista,8.040,8.3,8.3,7.5,7.8,7.8,Não,7.3,10.0
Escola Pública,ALUNO-1198,2.0,J,Quartzo,4.814,9.5,3.3,5.0,2.4,6.7,Não,5.3,5.0
Escola Pública,ALUNO-1199,0.0,S,Ametista,7.025,8.5,8.3,7.5,4.9,7.5,Não,7.7,5.0
Escola Pública,ALUNO-1200,,,,,,,,,,,,
Rede Decisão,ALUNO-1201,7.0,A,Ametista,7.031,7.1,6.1,5.6,6.5,8.1,Não,7.1,10.0
,ALUNO-1202,,,,,,,,,,,,
,ALUNO-1203,,,,,,,,,,,,
Escola Pública,ALUNO-1204,1.0,G,Topázio,8.797,10.0,9.6,7.5,6.9,8.3,Sim,9.6,10.0
Escola Pública,ALUNO-1205,2.0,A,Ametista,8.040,8.5,9.2,7.5,5.5,7.3,Não,8.9,10.0
Escola Pública,ALUNO-1206,0.0,T,Topázio,8.871,8.5,10.0,7.5,7.6,8.1,Sim,9.7,10.0
,ALUNO-1207,,,,,,,,,,,,
,ALUNO-1208,,,,,,,,,,,,
,ALUNO-1209,,,,,,,,,,,,
Escola Pública,ALUNO-1210,0.0,L,Topázio,8.250,8.0,10.0,7.5,6.8,7.5,Não,8.0,10.0
Escola Pública,ALUNO-1211,0.0,L,Ágata,6.748,8.4,6.7,7.5,4.8,6.6,Não,6.1,10.0
Escola Pública,ALUNO-1212,1.0,G,Ágata,5.703,9.0,4.2,6.3,3.3,7.5,Não,7.2,5.0
,ALUNO-1213,,,,,,,,,,,,
Escola Pública,ALUNO-1214,1.0,M,Ametista,7.496,10.0,10.0,7.5,3.0,8.1,Sim,9.2,5.0
Escola Pública,ALUNO-1215,1.0,B,Ametista,7.401,9.5,10.0,2.5,6.3,7.5,Não,8.4,5.0
UNISA,ALUNO-1216,,,,,,,,,,,,
Rede Decisão/União,ALUNO-1217,3.0,A,Ametista,8.181,8.8,8.6,7.5,7.6,9.2,Sim,9.5,5.0
Rede Decisão/União,ALUNO-1218,,,,,,,,,,,,
Escola Pública,ALUNO-1219,5.0,B,Ametista,8.201,7.9,7.5,7.5,7.9,8.6,Não,8.6,10.0
,ALUNO-1220,,,,,,,,,,,,
Escola Pública,ALUNO-1221,2.0,N,Topázio,8.618,9.0,10.0,7.5,8.0,9.8,Sim,9.4,5.0
Rede Decisão/União,ALUNO-1222,,,,,,,,,,,,
Escola Pública,ALUNO-1223,2.0,R,Ágata,6.779,6.8,8.3,8.1,4.7,8.1,Não,6.8,5.0
,ALUNO-1224,,,,,,,,,,,,
Escola Pública,ALUNO-1225,,,,,,,,,,,,
Escola Pública,ALUNO-1226,2.0,R,Ágata,6.621,5.3,8.3,8.1,4.7,8.1,Não,6.8,5.0
,ALUNO-1227,,,,,,,,,,,,
Escola Pública,ALUNO-1228,3.0,L,Quartzo,3.603,0.0,0.6,7.5,3.1,6.3,Não,2.5,10.0
Escola Pública,ALUNO-1229,1.0,J,Ágata,5.588,9.5,5.8,4.4,0.7,8.1,Não,7.9,5.0
Rede Decisão/União,ALUNO-1230,4.0,G,Ametista,7.714,7.1,8.6,6.9,5.8,8.1,Não,8.1,10.0
Escola Pública,ALUNO-1231,2.0,E,Quartzo,4.133,0.0,1.7,6.3,3.1,7.5,Não,6.5,5.0
Escola Pública,ALUNO-1232,2.0,H,Quartzo,2.717,0.0,0.8,7.5,0.9,6.3,Não,2.5,5.0
Rede Decisão,ALUNO-1233,5.0,F,Ametista,7.416,9.6,6.7,5.0,7.8,7.7,Não,6.5,10.0
Escola Pública,ALUNO-1234,0.0,L,Ametista,7.229,8.5,6.7,7.5,5.6,7.5,Não,7.2,10.0
,ALUNO-1235,,,,,,,,,,,,
,ALUNO-1236,,,,,,,,,,,,
Escola Pública,ALUNO-1237,3.0,F,Quartzo,4.372,6.7,2.2,7.5,2.3,7.1,Não,4.2,5.0
Escola Pública,ALUNO-1238,,,,,,,,,,,,
Escola Pública,ALUNO-1239,1.0,R,Ágata,5.574,8.5,5.8,7.5,2.0,7.3,Não,5.9,5.0
Escola Pública,ALUNO-1240,2.0,K,Ametista,6.917,7.4,7.9,7.5,4.3,7.9,Não,8.5,5.0
Escola Pública,ALUNO-1241,,,,,,,,,,,,
Escola Pública,ALUNO-1242,1.0,G,Quartzo,5.507,7.4,4.6,7.5,2.4,8.1,Não,6.6,5.0
,ALUNO-1243,,,,,,,,,,,,
Escola Pública,ALUNO-1244,1.0,B,Ametista,7.389,10.0,8.8,7.5,5.8,7.5,Não,7.4,5.0
,ALUNO-1245,,,,,,,,,,,,
,ALUNO-1246,,,,,,,,,,,,
,ALUNO-1247,,,,,,,,,,,,
Rede Decisão/União,ALUNO-1248,3.0,G,Ágata,6.047,9.2,3.9,5.6,6.5,7.7,Não,6.1,5.0
Rede Decisão/União,ALUNO-1249,,,,,,,,,,,,
Escola Pública,ALUNO-1250,3.0,R,Ágata,6.343,6.7,5.8,6.9,5.8,7.5,Não,7.1,5.0
Escola Pública,ALUNO-1251,3.0,M,Ametista,7.789,8.8,7.2,6.3,8.1,7.5,Não,7.4,10.0
Escola Pública,ALUNO-1252,,,,,,,,,,,,
Escola Pública,ALUNO-1253,,,,,,,,,,,,
Escola Pública,ALUNO-1254,3.0,C,Ametista,7.379,9.2,5.8,7.5,6.8,7.5,Não,7.2,10.0
,ALUNO-1255,,,,,,,,,,,,
Escola Pública,ALUNO-1256,5.0,A,Ágata,6.541,9.2,7.5,7.5,3.6,7.7,Não,6.9,5.0
Escola Pública,ALUNO-1257,,,,,,,,,,,,
,ALUNO-1258,,,,,,,,,,,,
V202,ALUNO-1259,,,,,,,,,,,,
Escola Pública,ALUNO-1260,1.0,C,Ágata,6.163,9.0,5.0,7.5,3.9,7.7,Não,7.3,5.0
Rede Decisão/União,ALUNO-1261,,,,,,,,,,,,
Escola Pública,ALUNO-1262,,,,,,,,,,,,
,ALUNO-1263,,,,,,,,,,,,
Escola Pública,ALUNO-1264,2.0,E,Ágata,6.254,8.0,4.2,8.1,3.1,7.3,Não,7.3,10.0
Escola Pública,ALUNO-1265,,,,,,,,,,,,
Escola Pública,ALUNO-1266,3.0,R,Quartzo,4.817,10.0,3.3,5.6,1.8,6.9,Não,2.8,10.0
,ALUNO-1267,,,,,,,,,,,,
Escola Pública,ALUNO-1268,1.0,A,Ametista,6.978,8.0,7.5,7.5,5.0,7.5,Não,8.4,5.0
,ALUNO-1269,,,,,,,,,,,,
Escola Pública,ALUNO-1270,,,,,,,,,,,,
,ALUNO-1271,,,,,,,,,,,,
,ALUNO-1272,,,,,,,,,,,,
,ALUNO-1273,,,,,,,,,,,,
Escola Pública,ALUNO-1274,,,,,,,,,,,,
Escola Pública,ALUNO-1275,1.0,G,Topázio,8.468,9.5,9.6,7.5,7.8,8.3,Sim,9.8,5.0
,ALUNO-1276,,,,,,,,,,,,
Escola Pública,ALUNO-1277,,,,,,,,,,,,
Escola Pública,ALUNO-1278,0.0,P,Ágata,5.671,8.0,4.2,7.5,4.6,6.3,Não,6.2,5.0
Escola Pública,ALUNO-1279,5.0,L,Quartzo,4.729,8.3,1.9,0.0,3.8,7.3,Não,5.1,10.0
,ALUNO-1280,,,,,,,,,,,,
Escola Pública,ALUNO-1281,,,,,,,,,,,,
Rede Decisão/União,ALUNO-1282,,,,,,,,,,,,
,ALUNO-1283,,,,,,,,,,,,
Escola Pública,ALUNO-1284,,,,,,,,,,,,
Escola Pública,ALUNO-1285,1.0,J,Topázio,8.407,9.0,10.0,7.5,5.9,7.7,Sim,9.1,10.0
Escola Pública,ALUNO-1286,0.0,K,Ametista,8.015,10.0,8.3,7.5,6.5,7.8,Não,7.6,10.0
Escola Pública,ALUNO-1287,0.0,J,Ametista,7.546,8.0,10.0,7.5,5.3,7.5,Não,8.4,5.0
Rede Decisão/União,ALUNO-1288,7.0,A,Ágata,6.787,8.8,7.2,5.6,5.8,6.7,Não,5.4,10.0
Escola Pública,ALUNO-1289,2.0,L,Ágata,6.860,8.5,7.9,7.5,4.8,7.9,Não,7.1,5.0
FIAP,ALUNO-1290,,,,,,,,,,,,
Escola Pública,ALUNO-1291,,,,,,,,,,,,
Escola Pública,ALUNO-1292,3.0,A,Topázio,8.614,9.6,9.7,7.5,6.7,8.8,Não,8.7,10.0
Escola Pública,ALUNO-1293,,,,,,,,,,,,
Escola Pública,ALUNO-1294,,,,,,,,,,,,
,ALUNO-1295,,,,,,,,,,,,
Escola Pública,ALUNO-1296,1.0,G,Ágata,6.844,9.5,8.8,7.5,3.5,7.5,Não,7.2,5.0
Escola Pública,ALUNO-1297,,,,,,,,,,,,
Escola Pública,ALUNO-1298,0.0,O,Ametista,7.521,10.0,8.3,7.5,6.4,7.5,Não,7.8,5.0
Rede Decisão/União,ALUNO-1299,7.0,A,Ametista,7.936,7.1,8.3,7.5,7.2,8.3,Não,7.8,10.0
Escola Pública,ALUNO-1300,1.0,J,Ametista,7.297,9.0,8.8,7.5,5.3,7.9,Não,7.8,5.0
Escola Pública,ALUNO-1301,3.0,D,Ametista,7.983,9.6,7.5,7.5,6.0,8.3,Não,8.7,10.0
Escola Pública,ALUNO-1302,1.0,R,Quartzo,3.827,0.0,3.3,7.5,0.6,7.2,Não,5.3,5.0
Escola Pública,ALUNO-1303,,,,,,,,,,,,
,ALUNO-1304,,,,,,,,,,,,
,ALUNO-1305,,,,,,,,,,,,
,ALUNO-1306,,,,,,,,,,,,
Escola Pública,ALUNO-1307,2.0,B,Ametista,6.917,7.0,6.7,7.5,4.8,7.5,Não,7.2,10.0
Escola Pública,ALUNO-1308,3.0,D,Quartzo,4.892,7.1,3.3,2.5,2.3,7.5,Não,7.8,5.0
Escola Pública,ALUNO-1309,,,,,,,,,,,,
Escola Pública,ALUNO-1310,3.0,A,Ágata,6.625,9.2,5.3,7.5,3.5,7.5,Não,7.2,10.0
,ALUNO-1311,,,,,,,,,,,,
,ALUNO-1312,,,,,,,,,,,,
Escola Pública,ALUNO-1313,,,,,,,,,,,,
,ALUNO-1314,,,,,,,,,,,,
Rede Decisão/União,ALUNO-1315,2.0,B,Quartzo,5.075,8.9,3.8,4.4,4.3,5.0,Não,5.7,5.0
Escola Pública,ALUNO-1316,,,,,,,,,,,,
,ALUNO-1317,,,,,,,,,,,,
Estácio,ALUNO-1318,,,,,,,,,,,,
Escola Pública,ALUNO-1319,2.0,R,Ametista,7.572,6.4,8.3,5.0,6.3,8.1,Não,8.4,10.0
,ALUNO-1320,,,,,,,,,,,,
,ALUNO-1321,,,,,,,,,,,,
,ALUNO-1322,,,,,,,,,,,,
Escola Pública,ALUNO-1323,2.0,N,Ametista,7.518,8.0,8.8,5.6,5.1,7.9,Não,7.9,10.0
Escola Pública,ALUNO-1324,2.0,J,Ametista,7.186,8.5,8.8,7.5,3.4,7.5,Não,7.1,10.0
Escola Pública,ALUNO-1325,,,,,,,,,,,,
Escola Pública,ALUNO-1326,2.0,K,Quartzo,4.396,9.0,3.8,5.6,1.3,6.9,Não,3.7,5.0
,ALUNO-1327,,,,,,,,,,,,
Rede Decisão/União,ALUNO-1328,,,,,,,,,,,,
,ALUNO-1329,,,,,,,,,,,,
Escola Pública,ALUNO-1330,4.0,E,Ametista,7.117,8.8,8.3,7.5,5.5,7.5,Não,7.3,5.0
,ALUNO-1331,,,,,,,,,,,,
Escola Pública,ALUNO-1332,0.0,R,Topázio,8.775,10.0,10.0,7.5,6.6,7.5,Sim,9.8,10.0
,ALUNO-1333,,,,,,,,,,,,
Escola Pública,ALUNO-1334,0.0,T,Topázio,8.821,8.5,10.0,7.5,7.4,8.1,Sim,9.7,10.0
Rede Decisão,ALUNO-1335,2.0,G,Quartzo,4.831,0.0,3.8,7.5,3.4,6.7,Não,4.9,10.0
Escola Pública,ALUNO-1336,,,,,,,,,,,,
,ALUNO-1337,,,,,,,,,,,,
Escola Pública,ALUNO-1338,2.0,C,Ágata,6.511,7.9,2.1,7.5,5.2,7.7,Não,8.7,10.0
Escola Pública,ALUNO-1339,,,,,,,,,,,,
,ALUNO-1340,,,,,,,,,,,,
Rede Decisão/União,ALUNO-1341,,,,,,,,,,,,
,ALUNO-1342,,,,,,,,,,,,
Escola Pública,ALUNO-1343,2.0,K,Quartzo,3.996,10.0,1.3,5.6,1.3,6.9,Não,3.7,5.0
Escola Pública,ALUNO-1344,2.0,R,Ágata,5.664,9.5,5.8,5.6,2.0,8.1,Não,7.6,2.5
Escola Pública,ALUNO-1345,0.0,L,Ágata,6.606,9.0,6.7,7.5,4.9,7.2,Não,7.1,5.0
,ALUNO-1346,,,,,,,,,,,,
Escola Pública,ALUNO-1347,,,,,,,,,,,,
Escola Pública,ALUNO-1348,3.0,J,Ametista,7.422,7.5,8.6,6.3,6.9,7.5,Não,8.5,5.0
,ALUNO-1349,,,,,,,,,,,,